1,01/01/2020,1,2020,12,56
2,01/01/2020,2,2020,5,103.5
3,01/01/2020,3,2020,5,56
4,01/01/2020,4,2020,7,49.06
5,01/01/2020,5,2020,3,183
6,01/01/2020,6,2020,0,26
7,01/01/2020,7,2020,82,194
8,01/01/2020,8,2020,33,28
9,01/01/2020,9,2020,5,64
10,01/01/2020,10,2020,25,239.4
11,01/01/2020,11,2020,25,14
12,01/01/2020,12,2020,10,407.4
13,01/01/2020,13,2020,7,360
14,01/01/2020,14,2020,1113,7
15,01/01/2020,15,2020,0,0
16,01/01/2020,16,2020,18,850
17,01/01/2020,17,2020,0,0
18,01/01/2020,18,2020,18,920
19,01/01/2020,19,2020,18,850
20,01/01/2020,20,2020,36,334
21,01/01/2020,21,2020,4,420
22,01/01/2020,22,2020,8,830
23,01/01/2020,23,2020,50,850
24,01/01/2020,24,2020,18.25,58.33
25,01/01/2020,25,2020,157,54.58
26,01/01/2020,26,2020,107.5,57.08
27,01/01/2020,27,2020,187.5,52.08
28,01/01/2020,28,2020,225.5,52.08
29,01/01/2020,29,2020,517.75,49.58
30,01/01/2020,30,2020,261,48.33
31,01/01/2020,31,2020,41,52.9
32,01/01/2020,32,2020,15.5,65
33,01/01/2020,33,2020,22,65
34,01/01/2020,34,2020,5.5,240
35,01/01/2020,35,2020,0,65
36,01/01/2020,36,2020,103,57.29
37,01/01/2020,37,2020,0,65
38,01/01/2020,38,2020,89,57.29
39,01/01/2020,39,2020,14,65
40,01/01/2020,40,2020,82,58.75
41,01/01/2020,41,2020,36,58.75
42,01/01/2020,42,2020,24,58.75
43,01/01/2020,43,2020,36.5,56.67
44,01/01/2020,44,2020,5.5,56.67
45,01/01/2020,45,2020,580,6.22
46,01/01/2020,46,2020,7,6.35
47,01/01/2020,47,2020,0,0
48,01/01/2020,48,2020,0,0
49,01/01/2020,49,2020,0,0
50,01/01/2020,50,2020,0,0
51,01/01/2020,51,2020,7300,0.9
52,01/01/2020,52,2020,0,0.95
53,01/01/2020,53,2020,456,0.65
54,01/01/2020,54,2020,11698,0.75
55,01/01/2020,55,2020,900,0.85
56,01/01/2020,56,2020,42,56.25
57,01/01/2020,57,2020,58,56.25
58,01/01/2020,58,2020,18.5,52
59,01/01/2020,59,2020,42,455
60,01/01/2020,60,2020,22,504
61,01/01/2020,61,2020,0,0
62,01/01/2020,62,2020,14,323
63,01/01/2020,63,2020,6,1240
64,01/01/2020,64,2020,0,0
65,01/01/2020,65,2020,36,612
66,01/01/2020,66,2020,29,360
67,01/01/2020,67,2020,50,237
68,01/01/2020,68,2020,36,500
69,01/01/2020,69,2020,30,1120
70,01/01/2020,70,2020,0,0
71,01/01/2020,71,2020,68,472
72,01/01/2020,72,2020,81,558
73,01/01/2020,73,2020,22,697.5
74,01/01/2020,74,2020,1426,130
75,01/01/2020,75,2020,150,170.5
76,01/01/2020,76,2020,271,299.19
77,01/01/2020,77,2020,111,449.8
78,01/01/2020,78,2020,231,59.5
79,01/01/2020,79,2020,521,68.4
80,01/01/2020,80,2020,865,77
81,01/01/2020,81,2020,10,90
82,01/01/2020,82,2020,12,560
83,01/01/2020,83,2020,0,130
84,01/01/2020,84,2020,12,287
85,01/01/2020,85,2020,7,662
86,01/01/2020,86,2020,23,430
87,01/01/2020,87,2020,7,350
88,01/01/2020,88,2020,78,120
89,01/01/2020,89,2020,47,168
90,01/01/2020,90,2020,7,383
91,01/01/2020,91,2020,32,121
92,01/01/2020,92,2020,11,201
93,01/01/2020,93,2020,19,300
94,01/01/2020,94,2020,26,400
95,01/01/2020,95,2020,0,0
96,01/01/2020,96,2020,0,0
97,01/01/2020,97,2020,2,297
98,01/01/2020,98,2020,99,253
99,01/01/2020,99,2020,68,382
100,01/01/2020,100,2020,69,520
101,01/01/2020,101,2020,59,595.58
102,01/01/2020,102,2020,58,722
103,01/01/2020,103,2020,1,1298
104,01/01/2020,104,2020,67,456
105,01/01/2020,105,2020,75,370
106,01/01/2020,106,2020,112,250
107,01/01/2020,107,2020,102,510
108,01/01/2020,108,2020,29,530
109,01/01/2020,109,2020,31,950
110,01/01/2020,110,2020,80,900
111,01/01/2020,111,2020,31,1500
112,01/01/2020,112,2020,231,380
113,01/01/2020,113,2020,10,1190
114,01/01/2020,114,2020,102,220
115,01/01/2020,115,2020,53,440
116,01/01/2020,116,2020,0,800
117,01/01/2020,117,2020,123,650
118,01/01/2020,118,2020,31,850
119,01/01/2020,119,2020,8,510
120,01/01/2020,120,2020,3,288
121,01/01/2020,121,2020,3,345.6
122,01/01/2020,122,2020,95,72.2
123,01/01/2020,123,2020,67,86.64
124,01/01/2020,124,2020,88,57.76
125,01/01/2020,125,2020,27,79.8
126,01/01/2020,126,2020,18,95.76
127,01/01/2020,127,2020,2,63.84
128,01/01/2020,128,2020,24,100
129,01/01/2020,129,2020,25,147.8
130,01/01/2020,130,2020,61,177.36
131,01/01/2020,131,2020,26,118.24
132,01/01/2020,132,2020,29,216
133,01/01/2020,133,2020,58,259.2
134,01/01/2020,134,2020,62,172.8
135,01/01/2020,135,2020,34,288
136,01/01/2020,136,2020,30,345.6
137,01/01/2020,137,2020,16,230.4
138,01/01/2020,138,2020,1,384
139,01/01/2020,139,2020,13671,45
140,01/01/2020,140,2020,7,72.2
141,01/01/2020,141,2020,19,86.64
142,01/01/2020,142,2020,26,57.76
143,01/01/2020,143,2020,8,266.66
144,01/01/2020,144,2020,4,320
145,01/01/2020,145,2020,2,400
146,01/01/2020,146,2020,53,72.2
147,01/01/2020,147,2020,65,86.64
148,01/01/2020,148,2020,42,57.76
149,01/01/2020,149,2020,111,72.2
150,01/01/2020,150,2020,118,86.64
151,01/01/2020,151,2020,104,57.76
152,01/01/2020,152,2020,5,120
153,01/01/2020,153,2020,98,72.2
154,01/01/2020,154,2020,100,86.64
155,01/01/2020,155,2020,107,57.76
156,01/01/2020,156,2020,82,79.8
157,01/01/2020,157,2020,165,95.76
158,01/01/2020,158,2020,23,63.84
159,01/01/2020,159,2020,115,86.64
160,01/01/2020,160,2020,0,0
161,01/01/2020,161,2020,75,57.76
162,01/01/2020,162,2020,6,1095.49
163,01/01/2020,163,2020,8,209.25
164,01/01/2020,164,2020,16,279
165,01/01/2020,165,2020,15,530
166,01/01/2020,166,2020,33,636
167,01/01/2020,167,2020,18,742
168,01/01/2020,168,2020,8,848
169,01/01/2020,169,2020,24,424
170,01/01/2020,170,2020,0,0
171,01/01/2020,171,2020,8,939
172,01/01/2020,172,2020,8,1252
173,01/01/2020,173,2020,4,625.99
174,01/01/2020,174,2020,1,30
175,01/01/2020,175,2020,1,399.5
176,01/01/2020,176,2020,4,202
177,01/01/2020,177,2020,8,120
178,01/01/2020,178,2020,12,63
179,01/01/2020,179,2020,1,297
180,01/01/2020,180,2020,7,31
181,01/01/2020,181,2020,55,27
182,01/01/2020,182,2020,2,31.26
183,01/01/2020,183,2020,19,48
184,01/01/2020,184,2020,20,52
185,01/01/2020,185,2020,15,60
186,01/01/2020,186,2020,5,4.5
187,01/01/2020,187,2020,12,5.67
188,01/01/2020,188,2020,0,0
189,01/01/2020,189,2020,1084,0.12
190,01/01/2020,190,2020,6,125
191,01/01/2020,191,2020,423,0.17
192,01/01/2020,192,2020,8,85.2
193,01/01/2020,193,2020,87,0.19
194,01/01/2020,194,2020,30,140.4
195,01/01/2020,195,2020,1,36.75
196,01/01/2020,196,2020,5,58.5
197,01/01/2020,197,2020,0,0
198,01/01/2020,198,2020,99,3.68
199,01/01/2020,199,2020,200,1.3
200,01/01/2020,200,2020,22,2.59
201,01/01/2020,201,2020,0,0
202,01/01/2020,202,2020,24,3.7
203,01/01/2020,203,2020,82,2.6
204,01/01/2020,204,2020,8,25
205,01/01/2020,205,2020,2,121
206,01/01/2020,206,2020,6,115
207,01/01/2020,207,2020,505,0.9
208,01/01/2020,208,2020,900,0.62
209,01/01/2020,209,2020,99,1.43
210,01/01/2020,210,2020,500,0.95
211,01/01/2020,211,2020,220,1
212,01/01/2020,212,2020,300,1.2
213,01/01/2020,213,2020,600,1.43
214,01/01/2020,214,2020,1293,1.43
215,01/01/2020,215,2020,500,1.85
216,01/01/2020,216,2020,14,0.17
217,01/01/2020,217,2020,20,56.26
218,01/01/2020,218,2020,7,24
219,01/01/2020,219,2020,0,0
220,01/01/2020,220,2020,2,85
221,01/01/2020,221,2020,0,0
222,01/01/2020,222,2020,0,0
223,01/01/2020,223,2020,19,145
224,01/01/2020,224,2020,24,28
225,01/01/2020,225,2020,12,33
226,01/01/2020,226,2020,20,33.2
227,01/01/2020,227,2020,10,39
228,01/01/2020,228,2020,53,2.8
229,01/01/2020,229,2020,1,95
230,01/01/2020,230,2020,47,78
231,01/01/2020,231,2020,16,117
232,01/01/2020,232,2020,6,120
233,01/01/2020,233,2020,8,26
234,01/01/2020,234,2020,25,18.05
235,01/01/2020,235,2020,15,34.2
236,01/01/2020,236,2020,9,18.5
237,01/01/2020,237,2020,30,52.5
238,01/01/2020,238,2020,89,18
239,01/01/2020,239,2020,18,20
240,01/01/2020,240,2020,0,0
241,01/01/2020,241,2020,0,0
242,01/01/2020,242,2020,40,3.5
243,01/01/2020,243,2020,41,9.45
244,01/01/2020,244,2020,9,34.2
245,01/01/2020,245,2020,0,0
246,01/01/2020,246,2020,278,25.2
247,01/01/2020,247,2020,225,6.65
248,01/01/2020,248,2020,248,14
249,01/01/2020,249,2020,0,0
250,01/01/2020,250,2020,6,227.8
251,01/01/2020,251,2020,10,250
252,01/01/2020,252,2020,0,0
253,01/01/2020,253,2020,0,0
254,01/01/2020,254,2020,0,0
255,01/01/2020,255,2020,9,33.32
256,01/01/2020,256,2020,6,55
257,01/01/2020,257,2020,13,101.4
258,01/01/2020,258,2020,22,70
259,01/01/2020,259,2020,4,78
260,01/01/2020,260,2020,36,87.5
261,01/01/2020,261,2020,4,419.4
262,01/01/2020,262,2020,7,100
263,01/01/2020,263,2020,123,51.2
264,01/01/2020,264,2020,126,73.8
265,01/01/2020,265,2020,0,0
266,01/01/2020,266,2020,23,167.2
267,01/01/2020,267,2020,65,63
268,01/01/2020,268,2020,13,150
269,01/01/2020,269,2020,0,0
270,01/01/2020,270,2020,0,0
271,01/01/2020,271,2020,9,15
272,01/01/2020,272,2020,1,10
273,01/01/2020,273,2020,0,0
274,01/01/2020,274,2020,423,20
275,01/01/2020,275,2020,38,14
276,01/01/2020,276,2020,30,26
277,01/01/2020,277,2020,28,17.5
278,01/01/2020,278,2020,63,13
279,01/01/2020,279,2020,12,25
280,01/01/2020,280,2020,17,31
281,01/01/2020,281,2020,4,31
282,01/01/2020,282,2020,9,31
283,01/01/2020,283,2020,3,88.75
284,01/01/2020,284,2020,1,393.4
285,01/01/2020,285,2020,7,51.2
286,01/01/2020,286,2020,16,30
287,01/01/2020,287,2020,48,56.4
288,01/01/2020,288,2020,38,37
289,01/01/2020,289,2020,0,0
290,01/01/2020,290,2020,4,178
291,01/01/2020,291,2020,7,15
292,01/01/2020,292,2020,0,0
293,01/01/2020,293,2020,20,34.6
294,01/01/2020,294,2020,20,10
295,01/01/2020,295,2020,36,42
296,01/01/2020,296,2020,0,0
297,01/01/2020,297,2020,29,85
298,01/01/2020,298,2020,9,25
299,01/01/2020,299,2020,11,85
300,01/01/2020,300,2020,6,117.6
301,01/01/2020,301,2020,0,0
302,01/01/2020,302,2020,2,129.5
303,01/01/2020,303,2020,66,2.85
304,01/01/2020,304,2020,0,0
305,01/01/2020,305,2020,9,39.6
306,01/01/2020,306,2020,8,263
307,01/01/2020,307,2020,8,58
308,01/01/2020,308,2020,10,68
309,01/01/2020,309,2020,4,75
310,01/01/2020,310,2020,1,101
311,01/01/2020,311,2020,19,130.6
312,01/01/2020,312,2020,16,153
313,01/01/2020,313,2020,7,37.5
314,01/01/2020,314,2020,0,0
315,01/01/2020,315,2020,5,1365
316,01/01/2020,316,2020,0,0
317,01/01/2020,317,2020,17,6.75
318,01/01/2020,318,2020,1,40
319,01/01/2020,319,2020,12,5
320,01/01/2020,320,2020,53,20
321,01/01/2020,321,2020,9,120
322,01/01/2020,322,2020,7,165
323,01/01/2020,323,2020,0,0
324,01/01/2020,324,2020,46,9
325,01/01/2020,325,2020,45,6
326,01/01/2020,326,2020,0,0
327,01/01/2020,327,2020,0,0
328,01/01/2020,328,2020,0,0
329,01/01/2020,329,2020,20,28
330,01/01/2020,330,2020,10,13.3
331,01/01/2020,331,2020,59,21
332,01/01/2020,332,2020,2,150
333,01/01/2020,333,2020,7,233.75
334,01/01/2020,334,2020,3,45
335,01/01/2020,335,2020,9,42
336,01/01/2020,336,2020,480,11.51
337,01/01/2020,337,2020,348,17.28
338,01/01/2020,338,2020,200,23.5
339,01/01/2020,339,2020,200,38.65
340,01/01/2020,340,2020,279,3.08
341,01/01/2020,341,2020,119,7.38
342,01/01/2020,342,2020,26,185
343,01/01/2020,343,2020,34,6
344,01/01/2020,344,2020,25,10.84
345,01/01/2020,345,2020,30,70
346,01/01/2020,346,2020,0,0
347,01/01/2020,347,2020,28,40
348,01/01/2020,348,2020,10,460
349,01/01/2020,349,2020,1,122.5
350,01/01/2020,350,2020,4,65
351,01/01/2020,351,2020,9,55
352,01/01/2020,352,2020,0,0
353,01/01/2020,353,2020,283,2.5
354,01/01/2020,354,2020,11,67.5
355,01/01/2020,355,2020,11,77.75
356,01/01/2020,356,2020,12,123.75
357,01/01/2020,357,2020,11,172.5
358,01/01/2020,358,2020,5,35
359,01/01/2020,359,2020,24,4
360,01/01/2020,360,2020,6,10.5
361,01/01/2020,361,2020,12,13.5
362,01/01/2020,362,2020,238,25
363,01/01/2020,363,2020,4,75
364,01/01/2020,364,2020,77,14.25
365,01/01/2020,365,2020,12,11.87
366,01/01/2020,366,2020,15,14.25
367,01/01/2020,367,2020,1,65
368,01/01/2020,368,2020,0,0
369,01/01/2020,369,2020,0,0
370,01/01/2020,370,2020,177,7.8
371,01/01/2020,371,2020,0,0
372,01/01/2020,372,2020,98,8.3
373,01/01/2020,373,2020,90,8
374,01/01/2020,374,2020,155,8.5
375,01/01/2020,375,2020,7,8.5
376,01/01/2020,376,2020,87,7.8
377,01/01/2020,377,2020,155,8.3
378,01/01/2020,378,2020,41,12
379,01/01/2020,379,2020,126,8.3
380,01/01/2020,380,2020,0,0
381,01/01/2020,381,2020,0,0
382,01/01/2020,382,2020,0,0
383,01/01/2020,383,2020,15,11
384,01/01/2020,384,2020,0,0
385,01/01/2020,385,2020,282,32
386,01/01/2020,386,2020,16,9.1
387,01/01/2020,387,2020,10,10.83
388,01/01/2020,388,2020,9,12
389,01/01/2020,389,2020,5,10
390,01/01/2020,390,2020,9,9.6
391,01/01/2020,391,2020,6,26.6
392,01/01/2020,392,2020,1,25
393,01/01/2020,393,2020,8,14.38
394,01/01/2020,394,2020,24,18
395,01/01/2020,395,2020,0,0
396,01/01/2020,396,2020,12,391
397,01/01/2020,397,2020,10,279
398,01/01/2020,398,2020,9,189
399,01/01/2020,399,2020,11,297
400,01/01/2020,400,2020,8,549
401,01/01/2020,401,2020,15,10.83
402,01/01/2020,402,2020,0,0
403,01/01/2020,403,2020,49,80
404,01/01/2020,404,2020,22,40
405,01/01/2020,405,2020,44,125
406,01/01/2020,406,2020,17,57.5
407,01/01/2020,407,2020,1,260
408,01/01/2020,408,2020,4,430
409,01/01/2020,409,2020,0,0
410,01/01/2020,410,2020,5,90
411,01/01/2020,411,2020,2,183
412,01/01/2020,412,2020,0,0
413,01/01/2020,413,2020,0,0
414,01/01/2020,414,2020,0,0
415,01/01/2020,415,2020,0,0
416,01/01/2020,416,2020,0,0
417,01/01/2020,417,2020,4,390
418,01/01/2020,418,2020,42,21
419,01/01/2020,419,2020,0,0
420,01/01/2020,420,2020,15,25
421,01/01/2020,421,2020,0,0
422,01/01/2020,422,2020,6,15
423,01/01/2020,423,2020,0,0
424,01/01/2020,424,2020,21,70
425,01/01/2020,425,2020,22,70
426,01/01/2020,426,2020,35,90
427,01/01/2020,427,2020,3,45
428,01/01/2020,428,2020,5,65
429,01/01/2020,429,2020,11,33
430,01/01/2020,430,2020,1,60
431,01/01/2020,431,2020,8,120
432,01/01/2020,432,2020,24,30.4
433,01/01/2020,433,2020,0,0
434,01/01/2020,434,2020,101,53.35
435,01/01/2020,435,2020,1,21.33
436,01/01/2020,436,2020,0,0
437,01/01/2020,437,2020,0,0
438,01/01/2020,438,2020,69,0.35
439,01/01/2020,439,2020,15,28
440,01/01/2020,440,2020,308,0.47
441,01/01/2020,441,2020,22,28
442,01/01/2020,442,2020,10,102
443,01/01/2020,443,2020,1,112
444,01/01/2020,444,2020,45,70
445,01/01/2020,445,2020,0,0
446,01/01/2020,446,2020,0,0
447,01/01/2020,447,2020,0,0
448,01/01/2020,448,2020,101,72
449,01/01/2020,449,2020,5,1365
450,01/01/2020,450,2020,9,191.25
451,01/01/2020,451,2020,4,72.5
452,01/01/2020,452,2020,3,337.5
453,01/01/2020,453,2020,3,344
454,01/01/2020,454,2020,2,120
455,01/01/2020,455,2020,6,1550
456,01/01/2020,456,2020,0,0
457,01/01/2020,457,2020,10,307
458,01/01/2020,458,2020,9,412.5
459,01/01/2020,459,2020,7,652.5
460,01/01/2020,460,2020,6,817.5
461,01/01/2020,461,2020,2,126.72
462,01/01/2020,462,2020,6,1050
463,01/01/2020,463,2020,4,1050
464,01/01/2020,464,2020,0,0
465,01/01/2020,465,2020,3,1050
466,01/01/2020,466,2020,0,0
467,01/01/2020,467,2020,0,0
468,01/01/2020,468,2020,641,0.75
469,01/01/2020,469,2020,3221,0.75
470,01/01/2020,470,2020,328,7.8
471,01/01/2020,471,2020,373,7.8
472,01/01/2020,472,2020,711,0.24
473,01/01/2020,473,2020,693,0.26
474,01/01/2020,474,2020,400,0.29
475,01/01/2020,475,2020,3476,0.26
476,01/01/2020,476,2020,76,0.36
477,01/01/2020,477,2020,401,1.03
478,01/01/2020,478,2020,86,1.91
479,01/01/2020,479,2020,407,1.62
480,01/01/2020,480,2020,44,0
481,01/01/2020,481,2020,19,0
482,01/01/2020,482,2020,89,0.25
483,01/01/2020,483,2020,700,0.27
484,01/01/2020,484,2020,0,0
485,01/01/2020,485,2020,15,1.78
486,01/01/2020,486,2020,89,2.12
487,01/01/2020,487,2020,93,2.48
488,01/01/2020,488,2020,92,3.19
489,01/01/2020,489,2020,64,2.89
490,01/01/2020,490,2020,88,3.44
491,01/01/2020,491,2020,109,4
492,01/01/2020,492,2020,83,5.1
493,01/01/2020,493,2020,85,5.6
494,01/01/2020,494,2020,102,4.26
495,01/01/2020,495,2020,99,4.97
496,01/01/2020,496,2020,101,5.77
497,01/01/2020,497,2020,95,7.35
498,01/01/2020,498,2020,86,10.53
499,01/01/2020,499,2020,95,6.05
500,01/01/2020,500,2020,99,6.91
501,01/01/2020,501,2020,104,8
502,01/01/2020,502,2020,99,10.11
503,01/01/2020,503,2020,82,14.5
504,01/01/2020,504,2020,103,9.43
505,01/01/2020,505,2020,98,10.57
506,01/01/2020,506,2020,97,11.85
507,01/01/2020,507,2020,100,14.67
508,01/01/2020,508,2020,101,20.67
509,01/01/2020,509,2020,0,0
510,01/01/2020,510,2020,60,4.15
511,01/01/2020,511,2020,90,4.86
512,01/01/2020,512,2020,95,6.46
513,01/01/2020,513,2020,93,7.63
514,01/01/2020,514,2020,100,5.98
515,01/01/2020,515,2020,92,6.82
516,01/01/2020,516,2020,96,8.5
517,01/01/2020,517,2020,100,11.22
518,01/01/2020,518,2020,91,5.62
519,01/01/2020,519,2020,83,9.72
520,01/01/2020,520,2020,110,14.67
521,01/01/2020,521,2020,100,18.32
522,01/01/2020,522,2020,0,0
523,01/01/2020,523,2020,774,0.3
524,01/01/2020,524,2020,756,0.3
525,01/01/2020,525,2020,714,0.7
526,01/01/2020,526,2020,0,0
527,01/01/2020,527,2020,722,0.5
528,01/01/2020,528,2020,669,0.7
529,01/01/2020,529,2020,775,0.92
530,01/01/2020,530,2020,500,1.62
531,01/01/2020,531,2020,721,1.4
532,01/01/2020,532,2020,725,0.52
533,01/01/2020,533,2020,670,0.7
534,01/01/2020,534,2020,740,0.7
535,01/01/2020,535,2020,695,0.91
536,01/01/2020,536,2020,720,1.18
537,01/01/2020,537,2020,720,1.5
538,01/01/2020,538,2020,675,1.8
539,01/01/2020,539,2020,0,0
540,01/01/2020,540,2020,465,0.51
541,01/01/2020,541,2020,420,0.57
542,01/01/2020,542,2020,500,0.75
543,01/01/2020,543,2020,500,0.95
544,01/01/2020,544,2020,500,1.22
545,01/01/2020,545,2020,482,1.6
546,01/01/2020,546,2020,154,0.77
547,01/01/2020,547,2020,580,0.95
548,01/01/2020,548,2020,492,1.11
549,01/01/2020,549,2020,426,1.62
550,01/01/2020,550,2020,656,1.62
551,01/01/2020,551,2020,95,430
552,01/01/2020,552,2020,92,516
553,01/01/2020,553,2020,80,258
554,01/01/2020,554,2020,63,301
555,01/01/2020,555,2020,137,344
556,01/01/2020,556,2020,73,387
557,01/01/2020,557,2020,152,340
558,01/01/2020,558,2020,90,408
559,01/01/2020,559,2020,26,204
560,01/01/2020,560,2020,26,238
561,01/01/2020,561,2020,100,272
562,01/01/2020,562,2020,67,306
563,01/01/2020,563,2020,14,560
564,01/01/2020,564,2020,50,672
565,01/01/2020,565,2020,34,784
566,01/01/2020,566,2020,45,896
567,01/01/2020,567,2020,15,448
568,01/01/2020,568,2020,7,912
569,01/01/2020,569,2020,0,0
570,01/01/2020,570,2020,27,912
571,01/01/2020,571,2020,29,1064
572,01/01/2020,572,2020,29,1216
573,01/01/2020,573,2020,17,1368
574,01/01/2020,574,2020,12,1520
575,01/01/2020,575,2020,0,0
576,01/01/2020,576,2020,15,540
577,01/01/2020,577,2020,17,360
578,01/01/2020,578,2020,7,200
579,01/01/2020,579,2020,5,240
580,01/01/2020,580,2020,38,200
581,01/01/2020,581,2020,25,240
582,01/01/2020,582,2020,4,536
583,01/01/2020,583,2020,0,0
584,01/01/2020,584,2020,12,240
585,01/01/2020,585,2020,42,200
586,01/01/2020,586,2020,14,240
587,01/01/2020,587,2020,0,0
588,01/01/2020,588,2020,41,200
589,01/01/2020,589,2020,26,240
590,01/01/2020,590,2020,25,240
591,01/01/2020,591,2020,6,370
592,01/01/2020,592,2020,3,240
593,01/01/2020,593,2020,0,0
594,01/01/2020,594,2020,34,5
595,01/01/2020,595,2020,43,27
596,01/01/2020,596,2020,0,0
597,01/01/2020,597,2020,0,0
598,01/01/2020,598,2020,10,169.29
599,01/01/2020,599,2020,25,139.2
600,01/01/2020,600,2020,17,99.23
601,01/01/2020,601,2020,9,178.29
602,01/01/2020,602,2020,32,80
603,01/01/2020,603,2020,24,18
604,01/01/2020,604,2020,122,22
605,01/01/2020,605,2020,2,45.5
606,01/01/2020,606,2020,37,66.25
607,01/01/2020,607,2020,14,40
608,01/01/2020,608,2020,5,19
609,01/01/2020,609,2020,20,110
610,01/01/2020,610,2020,6,82
611,01/01/2020,611,2020,25,40
612,01/01/2020,612,2020,31,28
613,01/01/2020,613,2020,23,82
614,01/01/2020,614,2020,26,400.33
615,01/01/2020,615,2020,50,86.25
616,01/01/2020,616,2020,5,135
617,01/01/2020,617,2020,2,56
618,01/01/2020,618,2020,23,65
619,01/01/2020,619,2020,23,73.5
620,01/01/2020,620,2020,66,31
621,01/01/2020,621,2020,15,19
622,01/01/2020,622,2020,32,14
623,01/01/2020,623,2020,10,32
624,01/01/2020,624,2020,62,26.1
625,01/01/2020,625,2020,39,35.1
626,01/01/2020,626,2020,0,0
627,01/01/2020,627,2020,3,1345
628,01/01/2020,628,2020,0,0
629,01/01/2020,629,2020,40,108.75
630,01/01/2020,630,2020,3,183.75
631,01/01/2020,631,2020,21,67.5
632,01/01/2020,632,2020,42,86.25
633,01/01/2020,633,2020,4,202.45
634,01/01/2020,634,2020,18,240
635,01/01/2020,635,2020,3,120
636,01/01/2020,636,2020,0,0
637,01/01/2020,637,2020,215,11.35
638,01/01/2020,638,2020,198,29.82
639,01/01/2020,639,2020,224,5.44
640,01/01/2020,640,2020,3,848
641,01/01/2020,641,2020,2,544
642,01/01/2020,642,2020,2,272
643,01/01/2020,643,2020,3,424
644,01/01/2020,644,2020,205,8.48
645,01/01/2020,645,2020,4,496
646,01/01/2020,646,2020,1,1449
647,01/01/2020,647,2020,2,686
648,01/01/2020,648,2020,2,686
649,01/01/2020,649,2020,1,776
650,01/01/2020,650,2020,1,776
651,01/01/2020,651,2020,11,1222.5
652,01/01/2020,652,2020,0,0
653,01/01/2020,653,2020,11,776
654,01/01/2020,654,2020,5,118.56
655,01/01/2020,655,2020,17,45.5
656,01/01/2020,656,2020,3,156
657,01/01/2020,657,2020,20,136.5
658,01/01/2020,658,2020,30,202
659,01/01/2020,659,2020,13,57
660,01/01/2020,660,2020,19,78
661,01/01/2020,661,2020,11,83
662,01/01/2020,662,2020,37,166
663,01/01/2020,663,2020,4,722.5
664,01/01/2020,664,2020,7,229.5
665,01/01/2020,665,2020,11,297.5
666,01/01/2020,666,2020,0,0
667,01/01/2020,667,2020,106,26.6
668,01/01/2020,668,2020,3,65
669,01/01/2020,669,2020,39,7.7
670,01/01/2020,670,2020,0,0
671,01/01/2020,671,2020,14,23.24
672,01/01/2020,672,2020,5,20.8
673,01/01/2020,673,2020,3,830
674,01/01/2020,674,2020,10,230
675,01/01/2020,675,2020,2,230
676,01/01/2020,676,2020,8,230
677,01/01/2020,677,2020,8,230
678,01/01/2020,678,2020,9,230
679,01/01/2020,679,2020,8,1100
680,01/01/2020,680,2020,9,370
681,01/01/2020,681,2020,2,330
682,01/01/2020,682,2020,1,330
683,01/01/2020,683,2020,8,430
684,01/01/2020,684,2020,5,440
685,01/01/2020,685,2020,1,550
686,01/01/2020,686,2020,6,90
687,01/01/2020,687,2020,0,0
688,01/01/2020,688,2020,8,38
689,01/01/2020,689,2020,10,38
690,01/01/2020,690,2020,7,48.5
691,01/01/2020,691,2020,299,6.83
692,01/01/2020,692,2020,5,5.1
693,01/01/2020,693,2020,373,84.5
694,01/01/2020,694,2020,126,122.8
695,01/01/2020,695,2020,0,0
696,01/01/2020,696,2020,1,39
697,01/01/2020,697,2020,8,78.2
698,01/01/2020,698,2020,34,39
699,01/01/2020,699,2020,0,0
700,01/01/2020,700,2020,6,64
701,01/01/2020,701,2020,19,34.02
702,01/01/2020,702,2020,37,12
703,01/01/2020,703,2020,60,19.05
704,01/01/2020,704,2020,2,178
705,01/01/2020,705,2020,79,16.21
706,01/01/2020,706,2020,2,20
707,01/01/2020,707,2020,76,23.34
708,01/01/2020,708,2020,134,20.8
709,01/01/2020,709,2020,1,43
710,01/01/2020,710,2020,2,24.76
711,01/01/2020,711,2020,23,7.8
712,01/01/2020,712,2020,7,19.5
713,01/01/2020,713,2020,29,85.12
714,01/01/2020,714,2020,43,38
715,01/01/2020,715,2020,41,38
716,01/01/2020,716,2020,61,38
717,01/01/2020,717,2020,142,44.64
718,01/01/2020,718,2020,140,46.2
719,01/01/2020,719,2020,1,485
720,01/01/2020,720,2020,6,830
721,01/01/2020,721,2020,7,390
722,01/01/2020,722,2020,4,432
723,01/01/2020,723,2020,10,567
724,01/01/2020,724,2020,4,695
725,01/01/2020,725,2020,5,64.44
726,01/01/2020,726,2020,1,4090
727,01/01/2020,727,2020,60,26.4
728,01/01/2020,728,2020,1,2720
729,01/01/2020,729,2020,5.25,24.67
730,01/01/2020,730,2020,0,0
731,01/01/2020,731,2020,2,269
732,01/01/2020,732,2020,1,93
733,01/01/2020,733,2020,4,42
734,01/01/2020,734,2020,50,66.05
735,01/01/2020,735,2020,21,69.2
736,01/01/2020,736,2020,2,19
737,01/01/2020,737,2020,66,108.42
738,01/01/2020,738,2020,65,132
739,01/01/2020,739,2020,58,53.82
740,01/01/2020,740,2020,64,61.62
741,01/01/2020,741,2020,54,77.22
742,01/01/2020,742,2020,66,85.02
743,01/01/2020,743,2020,34,66.3
744,01/01/2020,744,2020,0,0
745,01/01/2020,745,2020,28,45
746,01/01/2020,746,2020,22,27.92
747,01/01/2020,747,2020,18,40.5
748,01/01/2020,748,2020,0,0
749,01/01/2020,749,2020,226,2.5
750,01/01/2020,750,2020,2838,1.25
751,01/01/2020,751,2020,31,1.85
752,01/01/2020,752,2020,0,0
753,01/01/2020,753,2020,0,0
754,01/01/2020,754,2020,43,42
755,01/01/2020,755,2020,6,50.25
756,01/01/2020,756,2020,0,0
757,01/01/2020,757,2020,2,81.75
758,01/01/2020,758,2020,49,17.75
759,01/01/2020,759,2020,24,113.25
760,01/01/2020,760,2020,54,15
761,01/01/2020,761,2020,4,50.25
762,01/01/2020,762,2020,27,81.75
763,01/01/2020,763,2020,4,81.75
764,01/01/2020,764,2020,17,96
765,01/01/2020,765,2020,18,36.75
766,01/01/2020,766,2020,1,150
767,01/01/2020,767,2020,4,169
768,01/01/2020,768,2020,2,168.75
769,01/01/2020,769,2020,4,31.5
770,01/01/2020,770,2020,46,37.5
771,01/01/2020,771,2020,2,30
772,01/01/2020,772,2020,0,0
773,01/01/2020,773,2020,0,0
774,01/01/2020,774,2020,52,17
775,01/01/2020,775,2020,8,8
776,01/01/2020,776,2020,12,247
777,01/01/2020,777,2020,627,15.5
778,01/01/2020,778,2020,12,24.18
779,01/01/2020,779,2020,92,20.2
780,01/01/2020,780,2020,12,20.29
781,01/01/2020,781,2020,241,2.52
782,01/01/2020,782,2020,41,27
783,01/01/2020,783,2020,8,55.5
784,01/01/2020,784,2020,0,0
785,01/01/2020,785,2020,14,50
786,01/01/2020,786,2020,9,26
787,01/01/2020,787,2020,49,38
788,01/01/2020,788,2020,74,32.93
789,01/01/2020,789,2020,2,4939
790,01/01/2020,790,2020,6,21.51
791,01/01/2020,791,2020,0,0
792,01/01/2020,792,2020,55,14.67
793,01/01/2020,793,2020,0,0
794,01/01/2020,794,2020,220,53.8
795,01/01/2020,795,2020,2,4266
796,01/01/2020,796,2020,60.5,29.29
797,01/01/2020,797,2020,8,4393.5
798,01/01/2020,798,2020,69,18.21
799,01/01/2020,799,2020,6,2732.4
800,01/01/2020,800,2020,66,12.42
801,01/01/2020,801,2020,4,1813
802,01/01/2020,802,2020,154,67.4
803,01/01/2020,803,2020,3,10110.1
804,01/01/2020,804,2020,8,43.92
805,01/01/2020,805,2020,2,3950
806,01/01/2020,806,2020,71,22
807,01/01/2020,807,2020,0,0
808,01/01/2020,808,2020,118,13.12
809,01/01/2020,809,2020,0,2081.25
810,01/01/2020,810,2020,148,8.35
811,01/01/2020,811,2020,0,0
812,01/01/2020,812,2020,0,0
813,01/01/2020,813,2020,0,0
814,01/01/2020,814,2020,72,22.56
815,01/01/2020,815,2020,0,0
816,01/01/2020,816,2020,57,12.54
817,01/01/2020,817,2020,0,0
818,01/01/2020,818,2020,295,8.55
819,01/01/2020,819,2020,0,0
820,01/01/2020,820,2020,92,52.14
821,01/01/2020,821,2020,1,5214
822,01/01/2020,822,2020,197,19
823,01/01/2020,823,2020,446,22.1
824,01/01/2020,824,2020,0,0
825,01/01/2020,825,2020,0,0
826,01/01/2020,826,2020,0,0
827,01/01/2020,827,2020,9,117
828,01/01/2020,828,2020,51,48
829,01/01/2020,829,2020,29,63.75
830,01/01/2020,830,2020,7,29.75
831,01/01/2020,831,2020,26,120
832,01/01/2020,832,2020,33,36
833,01/01/2020,833,2020,22,98.2
834,01/01/2020,834,2020,8,98.2
835,01/01/2020,835,2020,49,49.27
836,01/01/2020,836,2020,11,52.8
837,01/01/2020,837,2020,24,55.4
838,01/01/2020,838,2020,1,49.27
839,01/01/2020,839,2020,38,35.7
840,01/01/2020,840,2020,31,20.4
841,01/01/2020,841,2020,45,35.7
842,01/01/2020,842,2020,11,16
843,01/01/2020,843,2020,17,33.6
844,01/01/2020,844,2020,6,103.77
845,01/01/2020,845,2020,22,110.8
846,01/01/2020,846,2020,20,110.8
847,01/01/2020,847,2020,2,111.87
848,01/01/2020,848,2020,21,103.77
849,01/01/2020,849,2020,21,31.5
850,01/01/2020,850,2020,13,31.5
851,01/01/2020,851,2020,14,31.5
852,01/01/2020,852,2020,25,77.4
853,01/01/2020,853,2020,27,59.8
854,01/01/2020,854,2020,31,38.5
855,01/01/2020,855,2020,47,19.8
856,01/01/2020,856,2020,8,104.4
857,01/01/2020,857,2020,14,25.8
858,01/01/2020,858,2020,0,0
859,01/01/2020,859,2020,0,0
860,01/01/2020,860,2020,0,0
861,01/01/2020,861,2020,0,0
862,01/01/2020,862,2020,0,0
863,01/01/2020,863,2020,0,0
864,01/01/2020,864,2020,5,0
865,01/01/2020,865,2020,0,0
866,01/01/2020,866,2020,0,0
867,01/01/2020,867,2020,0,0
868,01/01/2020,868,2020,1,43.8
869,01/01/2020,869,2020,1,43.8
870,01/01/2020,870,2020,19,82.6
871,01/01/2020,871,2020,18,64.6
872,01/01/2020,872,2020,16,120
873,01/01/2020,873,2020,1,25.8
874,01/01/2020,874,2020,38,43.8
875,01/01/2020,875,2020,13,120
876,01/01/2020,876,2020,12,120
877,01/01/2020,877,2020,9,95.58
878,01/01/2020,878,2020,1,43.8
879,01/01/2020,879,2020,20,24
880,01/01/2020,880,2020,36,20.4
881,01/01/2020,881,2020,2,130.95
882,01/01/2020,882,2020,1,68.5
883,01/01/2020,883,2020,29,127.4
884,01/01/2020,884,2020,14,22.87
885,01/01/2020,885,2020,0,0
886,01/01/2020,886,2020,0,0
887,01/01/2020,887,2020,0,0
888,01/01/2020,888,2020,0,0
889,01/01/2020,889,2020,0,0
890,01/01/2020,890,2020,0,0
891,01/01/2020,891,2020,11,130.95
892,01/01/2020,892,2020,9,38.5
893,01/01/2020,893,2020,0,0
894,01/01/2020,894,2020,10,25.6
895,01/01/2020,895,2020,20,45
896,01/01/2020,896,2020,77,27
897,01/01/2020,897,2020,20,160.2
898,01/01/2020,898,2020,3,43.6
899,01/01/2020,899,2020,1,12.15
900,01/01/2020,900,2020,27,43.6
901,01/01/2020,901,2020,15,43.8
902,01/01/2020,902,2020,7,43.8
903,01/01/2020,903,2020,15,52.85
904,01/01/2020,904,2020,9,31.52
905,01/01/2020,905,2020,26,16
906,01/01/2020,906,2020,27,52.85
907,01/01/2020,907,2020,5,62
908,01/01/2020,908,2020,13,78
909,01/01/2020,909,2020,0,0
910,01/01/2020,910,2020,0,0
911,01/01/2020,911,2020,0,0
912,01/01/2020,912,2020,0,0
913,01/01/2020,913,2020,8,31.2
914,01/01/2020,914,2020,0,0
915,01/01/2020,915,2020,0,0
916,01/01/2020,916,2020,0,0
917,01/01/2020,917,2020,0,0
918,01/01/2020,918,2020,0,0
919,01/01/2020,919,2020,0,0
920,01/01/2020,920,2020,12,71.04
921,01/01/2020,921,2020,0,0
922,01/01/2020,922,2020,14,83.52
923,01/01/2020,923,2020,0,0
924,01/01/2020,924,2020,5,20.88
925,01/01/2020,925,2020,12,31.2
926,01/01/2020,926,2020,7,38.08
927,01/01/2020,927,2020,11,45.7
928,01/01/2020,928,2020,0,0
929,01/01/2020,929,2020,5,58.72
930,01/01/2020,930,2020,0,0
931,01/01/2020,931,2020,28,18.62
932,01/01/2020,932,2020,8,55
933,01/01/2020,933,2020,0,0
934,01/01/2020,934,2020,21,64
935,01/01/2020,935,2020,30,14.96
936,01/01/2020,936,2020,10,18.25
937,01/01/2020,937,2020,6,20.8
938,01/01/2020,938,2020,17,23
939,01/01/2020,939,2020,21,28.5
940,01/01/2020,940,2020,3,35.38
941,01/01/2020,941,2020,11,40.6
942,01/01/2020,942,2020,2,42.3
943,01/01/2020,943,2020,0,0
944,01/01/2020,944,2020,35,26.18
945,01/01/2020,945,2020,7,28.39
946,01/01/2020,946,2020,37,29.92
947,01/01/2020,947,2020,44,6.72
948,01/01/2020,948,2020,42,8.48
949,01/01/2020,949,2020,40,10.08
950,01/01/2020,950,2020,39,13.92
951,01/01/2020,951,2020,45,15.68
952,01/01/2020,952,2020,28,17.76
953,01/01/2020,953,2020,10,19.3
954,01/01/2020,954,2020,31,25.16
955,01/01/2020,955,2020,30,5.78
956,01/01/2020,956,2020,30,11.56
957,01/01/2020,957,2020,30,14.28
958,01/01/2020,958,2020,29,17.17
959,01/01/2020,959,2020,0,0
960,01/01/2020,960,2020,0,0
961,01/01/2020,961,2020,0,0
962,01/01/2020,962,2020,0,0
963,01/01/2020,963,2020,0,0
964,01/01/2020,964,2020,0,0
965,01/01/2020,965,2020,0,0
966,01/01/2020,966,2020,0,0
967,01/01/2020,967,2020,3,35.2
968,01/01/2020,968,2020,0,0
969,01/01/2020,969,2020,8,37.28
970,01/01/2020,970,2020,0,0
971,01/01/2020,971,2020,7,42.63
972,01/01/2020,972,2020,0,0
973,01/01/2020,973,2020,7,20
974,01/01/2020,974,2020,33,32.81
975,01/01/2020,975,2020,1,34.5
976,01/01/2020,976,2020,30,39.1
977,01/01/2020,977,2020,36,8.33
978,01/01/2020,978,2020,17,11.6
979,01/01/2020,979,2020,35,13.6
980,01/01/2020,980,2020,38,15.63
981,01/01/2020,981,2020,14,18.38
982,01/01/2020,982,2020,5,22.96
983,01/01/2020,983,2020,6,27.35
984,01/01/2020,984,2020,5,30.2
985,01/01/2020,985,2020,10,15.8
986,01/01/2020,986,2020,0,0
987,01/01/2020,987,2020,0,0
988,01/01/2020,988,2020,20,20
989,01/01/2020,989,2020,1,25
990,01/01/2020,990,2020,3,30
991,01/01/2020,991,2020,0,0
992,01/01/2020,992,2020,0,0
993,01/01/2020,993,2020,35,570
994,01/01/2020,994,2020,48,970.2
995,01/01/2020,995,2020,41,798
996,01/01/2020,996,2020,95,309.96
997,01/01/2020,997,2020,42,1319.85
998,01/01/2020,998,2020,12,2130
999,01/01/2020,999,2020,35,370.5
1000,01/01/2020,1000,2020,38,411.4
1001,01/01/2020,1001,2020,30,649
1002,01/01/2020,1002,2020,37,597.4
1003,01/01/2020,1003,2020,21,228.25
1004,01/01/2020,1004,2020,20,945.4
1005,01/01/2020,1005,2020,36,286
1006,01/01/2020,1006,2020,12,77.4
1007,01/01/2020,1007,2020,23,42.4
1008,01/01/2020,1008,2020,20,28
1009,01/01/2020,1009,2020,1,15.5
1010,01/01/2020,1010,2020,28,16.2
1011,01/01/2020,1011,2020,11,5.26
1012,01/01/2020,1012,2020,16,37.5
1013,01/01/2020,1013,2020,26,23.4
1014,01/01/2020,1014,2020,0,0
1015,01/01/2020,1015,2020,8,95.5
1016,01/01/2020,1016,2020,7,25.6
1017,01/01/2020,1017,2020,20,45
1018,01/01/2020,1018,2020,9,24.4
1019,01/01/2020,1019,2020,0,0
1020,01/01/2020,1020,2020,2,28
1021,01/01/2020,1021,2020,20,43.6
1022,01/01/2020,1022,2020,12,12.15
1023,01/01/2020,1023,2020,61,111
1024,01/01/2020,1024,2020,0,0
1025,01/01/2020,1025,2020,30,60
1026,01/01/2020,1026,2020,12,45
1027,01/01/2020,1027,2020,28,69.6
1028,01/01/2020,1028,2020,41,25.5
1029,01/01/2020,1029,2020,34,31.06
1030,01/01/2020,1030,2020,2,17.8
1031,01/01/2020,1031,2020,12,279.11
1032,01/01/2020,1032,2020,2,95
1033,01/01/2020,1033,2020,20,57.95
1034,01/01/2020,1034,2020,34,19.2
1035,01/01/2020,1035,2020,20,39.45
1036,01/01/2020,1036,2020,1,19.6
1037,01/01/2020,1037,2020,20,82.6
1038,01/01/2020,1038,2020,13,60
1039,01/01/2020,1039,2020,0,0
1040,01/01/2020,1040,2020,0,0
1041,01/01/2020,1041,2020,1,160.2
1042,01/01/2020,1042,2020,8,130.95
1043,01/01/2020,1043,2020,4,45
1044,01/01/2020,1044,2020,18,75
1045,01/01/2020,1045,2020,30,23
1046,01/01/2020,1046,2020,20,75
1047,01/01/2020,1047,2020,3,80
1048,01/01/2020,1048,2020,13,100
1049,01/01/2020,1049,2020,5,65
1050,01/01/2020,1050,2020,5,94
1051,01/01/2020,1051,2020,15,130.95
1052,01/01/2020,1052,2020,11,123.52
1053,01/01/2020,1053,2020,6,115.8
1054,01/01/2020,1054,2020,50,110.2
1055,01/01/2020,1055,2020,4,22.8
1056,01/01/2020,1056,2020,3,160.8
1057,01/01/2020,1057,2020,2,95
1058,01/01/2020,1058,2020,26,147.86
1059,01/01/2020,1059,2020,8,77.8
1060,01/01/2020,1060,2020,10,22
1061,01/01/2020,1061,2020,24,11
1062,01/01/2020,1062,2020,15,18.5
1063,01/01/2020,1063,2020,11,4.13
1064,01/01/2020,1064,2020,4,7.5
1065,01/01/2020,1065,2020,0,0
1066,01/01/2020,1066,2020,19,7.5
1067,01/01/2020,1067,2020,13,16
1068,01/01/2020,1068,2020,15,20.5
1069,01/01/2020,1069,2020,35,4.5
1070,01/01/2020,1070,2020,29,9.35
1071,01/01/2020,1071,2020,18,15.4
1072,01/01/2020,1072,2020,8,8
1073,01/01/2020,1073,2020,1,17.5
1074,01/01/2020,1074,2020,5,30
1075,01/01/2020,1075,2020,22,16
1076,01/01/2020,1076,2020,4,20.5
1077,01/01/2020,1077,2020,3,30
1078,01/01/2020,1078,2020,34,7.25
1079,01/01/2020,1079,2020,9,18.7
1080,01/01/2020,1080,2020,11,30
1081,01/01/2020,1081,2020,11,20.5
1082,01/01/2020,1082,2020,22,30
1083,01/01/2020,1083,2020,11,30
1084,01/01/2020,1084,2020,44,67.2
1085,01/01/2020,1085,2020,78,140.4
1086,01/01/2020,1086,2020,18,183.6
1087,01/01/2020,1087,2020,4,399
1088,01/01/2020,1088,2020,6,22.8
1089,01/01/2020,1089,2020,18,22.82
1090,01/01/2020,1090,2020,2,38.2
1091,01/01/2020,1091,2020,14,85.84
1092,01/01/2020,1092,2020,1,28.8
1093,01/01/2020,1093,2020,1,85.27
1094,01/01/2020,1094,2020,30,55.87
1095,01/01/2020,1095,2020,5,49.17
1096,01/01/2020,1096,2020,19,55.1
1097,01/01/2020,1097,2020,51,28.85
1098,01/01/2020,1098,2020,14,20.47
1099,01/01/2020,1099,2020,25,84.14
1100,01/01/2020,1100,2020,45,22.81
1101,01/01/2020,1101,2020,4,38.81
1102,01/01/2020,1102,2020,3,64.94
1103,01/01/2020,1103,2020,0,0
1104,01/01/2020,1104,2020,0,0
1105,01/01/2020,1105,2020,0,0
1106,01/01/2020,1106,2020,24,134.6
1107,01/01/2020,1107,2020,21,69.53
1108,01/01/2020,1108,2020,27,250.25
1109,01/01/2020,1109,2020,66,103.6
1110,01/01/2020,1110,2020,49,535.71
1111,01/01/2020,1111,2020,14,714.29
1112,01/01/2020,1112,2020,38,208.7
1113,01/01/2020,1113,2020,14,401.87
1114,01/01/2020,1114,2020,6,535.71
1115,01/01/2020,1115,2020,18,153.9
1116,01/01/2020,1116,2020,58,46.35
1117,01/01/2020,1117,2020,16,87.8
1118,01/01/2020,1118,2020,19,151
1119,01/01/2020,1119,2020,8,78.67
1120,01/01/2020,1120,2020,0,0
1121,01/01/2020,1121,2020,7,128.35
1122,01/01/2020,1122,2020,0,44.53
1123,01/01/2020,1123,2020,27,98.53
1124,01/01/2020,1124,2020,14,140
1125,01/01/2020,1125,2020,10,77.75
1126,01/01/2020,1126,2020,8,112.98
1127,01/01/2020,1127,2020,7,125.98
1128,01/01/2020,1128,2020,0,0
1129,01/01/2020,1129,2020,36,39.04
1130,01/01/2020,1130,2020,44,9.3
1131,01/01/2020,1131,2020,47,15.64
1132,01/01/2020,1132,2020,39,18.3
1133,01/01/2020,1133,2020,0,5.5
1134,01/01/2020,1134,2020,45,9.5
1135,01/01/2020,1135,2020,1,91.17
1136,01/01/2020,1136,2020,57,9
1137,01/01/2020,1137,2020,25,13.2
1138,01/01/2020,1138,2020,45,11
1139,01/01/2020,1139,2020,109,4.73
1140,01/01/2020,1140,2020,21,6.73
1141,01/01/2020,1141,2020,31,5.8
1142,01/01/2020,1142,2020,50,15.75
1143,01/01/2020,1143,2020,133,3.37
1144,01/01/2020,1144,2020,0,0
1145,01/01/2020,1145,2020,50,4.5
1146,01/01/2020,1146,2020,59,23.62
1147,01/01/2020,1147,2020,34,11.92
1148,01/01/2020,1148,2020,4,7.87
1149,01/01/2020,1149,2020,0,0
1150,01/01/2020,1150,2020,40,12.24
1151,01/01/2020,1151,2020,169,10.8
1152,01/01/2020,1152,2020,105,11.02
1153,01/01/2020,1153,2020,14,14.45
1154,01/01/2020,1154,2020,18,32.67
1155,01/01/2020,1155,2020,219,6.8
1156,01/01/2020,1156,2020,0,0
1157,01/01/2020,1157,2020,85,11.02
1158,01/01/2020,1158,2020,18,18.5
1159,01/01/2020,1159,2020,64,7.83
1160,01/01/2020,1160,2020,38,9.22
1161,01/01/2020,1161,2020,10,13.81
1162,01/01/2020,1162,2020,1,45.19
1163,01/01/2020,1163,2020,0,0
1164,01/01/2020,1164,2020,151,7.43
1165,01/01/2020,1165,2020,0,0
1166,01/01/2020,1166,2020,9,58.65
1167,01/01/2020,1167,2020,164,9.22
1168,01/01/2020,1168,2020,0,0
1169,01/01/2020,1169,2020,47,126.65
1170,01/01/2020,1170,2020,11,250
1171,01/01/2020,1171,2020,62,65.92
1172,01/01/2020,1172,2020,1,414
1173,01/01/2020,1173,2020,71,95.2
1174,01/01/2020,1174,2020,3,8.05
1175,01/01/2020,1175,2020,147,3.52
1176,01/01/2020,1176,2020,5,4.8
1177,01/01/2020,1177,2020,50,20.48
1178,01/01/2020,1178,2020,194,9.22
1179,01/01/2020,1179,2020,12,10
1180,01/01/2020,1180,2020,18,38
1181,01/01/2020,1181,2020,9,16.15
1182,01/01/2020,1182,2020,80,8.71
1183,01/01/2020,1183,2020,9,62.8
1184,01/01/2020,1184,2020,70,9.56
1185,01/01/2020,1185,2020,78,83.8
1186,01/01/2020,1186,2020,126,38
1187,01/01/2020,1187,2020,7,44
1188,01/01/2020,1188,2020,29,75
1189,01/01/2020,1189,2020,14,100
1190,01/01/2020,1190,2020,8,88
1191,01/01/2020,1191,2020,32,49.86
1192,01/01/2020,1192,2020,48.5,73.33
1193,01/01/2020,1193,2020,0,0
1194,01/01/2020,1194,2020,4,80.26
1195,01/01/2020,1195,2020,36,105.11
1196,01/01/2020,1196,2020,66.5,102.66
1197,01/01/2020,1197,2020,9,77.06
1198,01/01/2020,1198,2020,47,93.1
1199,01/01/2020,1199,2020,26,49.86
1200,01/01/2020,1200,2020,2,77.06
1201,01/01/2020,1201,2020,18,102.66
1202,01/01/2020,1202,2020,0,0
1203,01/01/2020,1203,2020,6,186
1204,01/01/2020,1204,2020,0,0
1205,01/01/2020,1205,2020,1,357
1206,01/01/2020,1206,2020,1,429
1207,01/01/2020,1207,2020,5,1600
1208,01/01/2020,1208,2020,37,2000
1209,01/01/2020,1209,2020,1.75,53.53
1210,01/01/2020,1210,2020,5,1820
1211,01/01/2020,1211,2020,45.5,53.53
1212,01/01/2020,1212,2020,11,1984
1213,01/01/2020,1213,2020,39.25,58.35
1214,01/01/2020,1214,2020,30,80
1215,01/01/2020,1215,2020,0,0
1216,01/01/2020,1216,2020,1,290
1217,01/01/2020,1217,2020,0,0
1218,01/01/2020,1218,2020,3,580
1219,01/01/2020,1219,2020,12,410
1220,01/01/2020,1220,2020,0,0
1221,01/01/2020,1221,2020,0,0
1222,01/01/2020,1222,2020,84,148.8
1223,01/01/2020,1223,2020,0,0
1224,01/01/2020,1224,2020,90,87
1225,01/01/2020,1225,2020,57,101.75
1226,01/01/2020,1226,2020,11,148.8
1227,01/01/2020,1227,2020,8,244.62
1228,01/01/2020,1228,2020,0,0
1229,01/01/2020,1229,2020,0,0
1230,01/01/2020,1230,2020,0,0
1231,01/01/2020,1231,2020,90,285
1232,01/01/2020,1232,2020,2,70
1233,01/01/2020,1233,2020,18,75
1234,01/01/2020,1234,2020,8,136
1235,01/01/2020,1235,2020,0,458
1236,01/01/2020,1236,2020,0,0
1237,01/01/2020,1237,2020,6,515
1238,01/01/2020,1238,2020,19,139
1239,01/01/2020,1239,2020,2,684
1240,01/01/2020,1240,2020,4,541
1241,01/01/2020,1241,2020,0,0
1242,01/01/2020,1242,2020,4,2154
1243,01/01/2020,1243,2020,0,0
1244,01/01/2020,1244,2020,2,595
1245,01/01/2020,1245,2020,0,0
1246,01/01/2020,1246,2020,19,125
1247,01/01/2020,1247,2020,0,0
1248,01/01/2020,1248,2020,2,146
1249,01/01/2020,1249,2020,0,0
1250,01/01/2020,1250,2020,12,108
1251,01/01/2020,1251,2020,0,0
1252,01/01/2020,1252,2020,1,48
1253,01/01/2020,1253,2020,7,569
1254,01/01/2020,1254,2020,17,152
1255,01/01/2020,1255,2020,0,0
1256,01/01/2020,1256,2020,6,447
1257,01/01/2020,1257,2020,7,516
1258,01/01/2020,1258,2020,0,0
1259,01/01/2020,1259,2020,3,541
1260,01/01/2020,1260,2020,0,0
1261,01/01/2020,1261,2020,5,2154
1262,01/01/2020,1262,2020,1,310
1263,01/01/2020,1263,2020,0,0
1264,01/01/2020,1264,2020,8,23.34
1265,01/01/2020,1265,2020,67,11.3
1266,01/01/2020,1266,2020,64,16.8
1267,01/01/2020,1267,2020,12,7
1268,01/01/2020,1268,2020,45,25
1269,01/01/2020,1269,2020,48,31
1270,01/01/2020,1270,2020,66,49.3
1271,01/01/2020,1271,2020,49,9.22
1272,01/01/2020,1272,2020,78,71.5
1273,01/01/2020,1273,2020,15,26.4
1274,01/01/2020,1274,2020,13,60
1275,01/01/2020,1275,2020,1,60
1276,01/01/2020,1276,2020,4,14.83
1277,01/01/2020,1277,2020,2,498
1278,01/01/2020,1278,2020,1,542
1279,01/01/2020,1279,2020,1,27
1280,01/01/2020,1280,2020,2,37.5
1281,01/01/2020,1281,2020,0,0
1282,01/01/2020,1282,2020,0,0
1283,01/01/2020,1283,2020,0,0
1284,01/01/2020,1284,2020,0,0
1285,01/01/2020,1285,2020,10,78
1286,01/01/2020,1286,2020,44,7
1287,01/01/2020,1287,2020,0,0
1288,01/01/2020,1288,2020,17,85
1289,01/01/2020,1289,2020,27,85
1290,01/01/2020,1290,2020,62,80
1291,01/01/2020,1291,2020,30,85
1292,01/01/2020,1292,2020,52,85
1293,01/01/2020,1293,2020,15,85
1294,01/01/2020,1294,2020,1,85
1295,01/01/2020,1295,2020,24,80
1296,01/01/2020,1296,2020,45,28
1297,01/01/2020,1297,2020,21,19.5
1298,01/01/2020,1298,2020,2,142
1299,01/01/2020,1299,2020,8,140
1300,01/01/2020,1300,2020,17,37.25
1301,01/01/2020,1301,2020,1,698
1302,01/01/2020,1302,2020,0,0
1303,01/01/2020,1303,2020,0,0
1304,01/01/2020,1304,2020,5,32.5
1305,01/01/2020,1305,2020,5,32.5
1306,01/01/2020,1306,2020,0,0
1307,01/01/2020,1307,2020,2,85
1308,01/01/2020,1308,2020,9,50
1309,01/01/2020,1309,2020,9,77.62
1310,01/01/2020,1310,2020,11,50.54
1311,01/01/2020,1311,2020,11,77.62
1312,01/01/2020,1312,2020,3,165
1313,01/01/2020,1313,2020,44,618
1314,01/01/2020,1314,2020,105,164
1315,01/01/2020,1315,2020,0,0
1316,01/01/2020,1316,2020,0,0
1317,01/01/2020,1317,2020,14,99.3
1318,01/01/2020,1318,2020,7,456
1319,01/01/2020,1319,2020,0,0
1320,01/01/2020,1320,2020,9,340
1321,01/01/2020,1321,2020,1,94.76
1322,01/01/2020,1322,2020,12,107.39
1323,01/01/2020,1323,2020,0,0
1324,01/01/2020,1324,2020,0,0
1325,01/01/2020,1325,2020,0,0
1326,01/01/2020,1326,2020,1,112
1327,01/01/2020,1327,2020,0,0
1328,01/01/2020,1328,2020,10,123
1329,01/01/2020,1329,2020,12,129
1330,01/01/2020,1330,2020,8,122.74
1331,01/01/2020,1331,2020,10,152
1332,01/01/2020,1332,2020,10,75.36
1333,01/01/2020,1333,2020,16,43.77
1334,01/01/2020,1334,2020,0,0
1335,01/01/2020,1335,2020,0,0
1336,01/01/2020,1336,2020,1,131
1337,01/01/2020,1337,2020,9,52.2
1338,01/01/2020,1338,2020,7,80
1339,01/01/2020,1339,2020,22,432
1340,01/01/2020,1340,2020,24,522
1341,01/01/2020,1341,2020,3,900
1342,01/01/2020,1342,2020,8,109.5
1343,01/01/2020,1343,2020,1,109.5
1344,01/01/2020,1344,2020,31,15
1345,01/01/2020,1345,2020,4,200
1346,01/01/2020,1346,2020,10,95
1347,01/01/2020,1347,2020,6,195
1348,01/01/2020,1348,2020,1,45
1349,01/01/2020,1349,2020,0,0
1350,01/01/2020,1350,2020,4,1600
1351,01/01/2020,1351,2020,120,160
1352,01/01/2020,1352,2020,4,87
1353,01/01/2020,1353,2020,1,147
1354,01/01/2020,1354,2020,1,120
1355,01/01/2020,1355,2020,1,165
1356,01/01/2020,1356,2020,7,131
1357,01/01/2020,1357,2020,3,125
1358,01/01/2020,1358,2020,3,80
1359,01/01/2020,1359,2020,1,85
1360,01/01/2020,1360,2020,16,60
1361,01/01/2020,1361,2020,1,600
1362,01/01/2020,1362,2020,3,490
1363,01/01/2020,1363,2020,11,35
1364,01/01/2020,1364,2020,0,20
1365,01/01/2020,1365,2020,19,21
1366,01/01/2020,1366,2020,12,20
1367,01/01/2020,1367,2020,5,430
1368,01/01/2020,1368,2020,1,621
1369,01/01/2020,1369,2020,0,0
1370,01/01/2020,1370,2020,0,0
1371,01/01/2020,1371,2020,8,238
1372,01/01/2020,1372,2020,0,0
1373,01/01/2020,1373,2020,2,125
1374,01/01/2020,1374,2020,10,20
1375,01/01/2020,1375,2020,100,25
1376,01/01/2020,1376,2020,3,970
1377,01/01/2020,1377,2020,1,338
1378,01/01/2020,1378,2020,0,0
1379,01/01/2020,1379,2020,5,480
1380,01/01/2020,1380,2020,9,69
1381,01/01/2020,1381,2020,8,82.5
1382,01/01/2020,1382,2020,86,75
1383,01/01/2020,1383,2020,5,688.75
1384,01/01/2020,1384,2020,2,250
1385,01/01/2020,1385,2020,1,3800
1386,01/01/2020,1386,2020,0,0
1387,01/01/2020,1387,2020,1,99
1388,01/01/2020,1388,2020,24,68
1389,01/01/2020,1389,2020,25,46.8
1390,01/01/2020,1390,2020,0,0
1391,01/01/2020,1391,2020,22,81
1392,01/01/2020,1392,2020,2,48.5
1393,01/01/2020,1393,2020,10,30
1394,01/01/2020,1394,2020,13,45
1395,01/01/2020,1395,2020,1,26
1396,01/01/2020,1396,2020,17,49.5
1397,01/01/2020,1397,2020,10,51
1398,01/01/2020,1398,2020,19,11.27
1399,01/01/2020,1399,2020,29,7.9
1400,01/01/2020,1400,2020,166,9.5
1401,01/01/2020,1401,2020,18,65.3
1402,01/01/2020,1402,2020,27,49.8
1403,01/01/2020,1403,2020,109,4.95
1404,01/01/2020,1404,2020,10,7.2
1405,01/01/2020,1405,2020,100,6.3
1406,01/01/2020,1406,2020,12,184.5
1407,01/01/2020,1407,2020,44,84.6
1408,01/01/2020,1408,2020,35,63.9
1409,01/01/2020,1409,2020,30,73.35
1410,01/01/2020,1410,2020,148,148.77
1411,01/01/2020,1411,2020,52,8.1
1412,01/01/2020,1412,2020,34,30.6
1413,01/01/2020,1413,2020,3,80
1414,01/01/2020,1414,2020,31,42.9
1415,01/01/2020,1415,2020,13,16.5
1416,01/01/2020,1416,2020,3,27.95
1417,01/01/2020,1417,2020,19,16
1418,01/01/2020,1418,2020,39,38
1419,01/01/2020,1419,2020,113.5,15
1420,01/01/2020,1420,2020,395,20.12
1421,01/01/2020,1421,2020,299,17.78
1422,01/01/2020,1422,2020,6,390
1423,01/01/2020,1423,2020,6,411.5
1424,01/01/2020,1424,2020,1,641.25
1425,01/01/2020,1425,2020,1,1174
1426,01/01/2020,1426,2020,2,1012.5
1427,01/01/2020,1427,2020,1,880
1428,01/01/2020,1428,2020,5,1012.5
1429,01/01/2020,1429,2020,0,0
1430,01/01/2020,1430,2020,1,735
1431,01/01/2020,1431,2020,0,0
1432,01/01/2020,1432,2020,1,266
1433,01/01/2020,1433,2020,2,266
1434,01/01/2020,1434,2020,2,266
1435,01/01/2020,1435,2020,4,232.5
1436,01/01/2020,1436,2020,1,266
1437,01/01/2020,1437,2020,2,360
1438,01/01/2020,1438,2020,10,360
1439,01/01/2020,1439,2020,1,225
1440,01/01/2020,1440,2020,1,5224.75
1441,01/01/2020,1441,2020,19,12.5
1442,01/01/2020,1442,2020,5,341.25
1443,01/01/2020,1443,2020,6,454
1444,01/01/2020,1444,2020,6,228.75
1445,01/01/2020,1445,2020,11,468.75
1446,01/01/2020,1446,2020,11,266.25
1447,01/01/2020,1447,2020,0,0
1448,01/01/2020,1448,2020,80,40
1449,01/01/2020,1449,2020,118,13.61
1450,01/01/2020,1450,2020,170,27.4
1451,01/01/2020,1451,2020,22,288
1452,01/01/2020,1452,2020,4,509.85
1453,01/01/2020,1453,2020,26,204
1454,01/01/2020,1454,2020,19,132
1455,01/01/2020,1455,2020,9,208
1456,01/01/2020,1456,2020,34,111
1457,01/01/2020,1457,2020,33,117
1458,01/01/2020,1458,2020,36,120
1459,01/01/2020,1459,2020,6,119.85
1460,01/01/2020,1460,2020,12,430
1461,01/01/2020,1461,2020,12,210
1462,01/01/2020,1462,2020,5,204
1463,01/01/2020,1463,2020,7,63
1464,01/01/2020,1464,2020,12,390
1465,01/01/2020,1465,2020,14,336
1466,01/01/2020,1466,2020,6,420
1467,01/01/2020,1467,2020,1,450
1468,01/01/2020,1468,2020,2,1350
1469,01/01/2020,1469,2020,3,839.85
1470,01/01/2020,1470,2020,2,317
1471,01/01/2020,1471,2020,204,87
1472,01/01/2020,1472,2020,0,0
1473,01/01/2020,1473,2020,17,111.45
1474,01/01/2020,1474,2020,28,27.6
1475,01/01/2020,1475,2020,8,171
1476,01/01/2020,1476,2020,30,36
1477,01/01/2020,1477,2020,24,57
1478,01/01/2020,1478,2020,4,72
1479,01/01/2020,1479,2020,22,72
1480,01/01/2020,1480,2020,27,62.85
1481,01/01/2020,1481,2020,2,360
1482,01/01/2020,1482,2020,5,264
1483,01/01/2020,1483,2020,10,180
1484,01/01/2020,1484,2020,2,276
1485,01/01/2020,1485,2020,5,472.6
1486,01/01/2020,1486,2020,14,156
1487,01/01/2020,1487,2020,18,216
1488,01/01/2020,1488,2020,2,690
1489,01/01/2020,1489,2020,0,0
1490,01/01/2020,1490,2020,0,0
1491,01/01/2020,1491,2020,11,35
1492,01/01/2020,1492,2020,14,65
1493,01/01/2020,1493,2020,0,0
1494,01/01/2020,1494,2020,172,4.35
1495,01/01/2020,1495,2020,93,290
1496,01/01/2020,1496,2020,29,210
1497,01/01/2020,1497,2020,3,115
1498,01/01/2020,1498,2020,2,125.8
1499,01/01/2020,1499,2020,8,135
1500,01/01/2020,1500,2020,0,0
1501,01/01/2020,1501,2020,0,0
1502,01/01/2020,1502,2020,4,238
1503,01/01/2020,1503,2020,2,841
1504,01/01/2020,1504,2020,7,621
1505,01/01/2020,1505,2020,4,1007
1506,01/01/2020,1506,2020,22,25
1507,01/01/2020,1507,2020,18,58.5
1508,01/01/2020,1508,2020,18,81
1509,01/01/2020,1509,2020,21,48
1510,01/01/2020,1510,2020,1,19.34
1511,01/01/2020,1511,2020,0,0
1512,01/01/2020,1512,2020,0,0
1513,01/01/2020,1513,2020,15,85.3
1514,01/01/2020,1514,2020,32,62.05
1515,01/01/2020,1515,2020,56,31.73
1516,01/01/2020,1516,2020,5,310
1517,01/01/2020,1517,2020,0,0
1518,01/01/2020,1518,2020,0,0
1519,01/01/2020,1519,2020,27,29.16
1520,01/01/2020,1520,2020,90,25.5
1521,01/01/2020,1521,2020,1,195
1522,01/01/2020,1522,2020,0,0
1523,01/01/2020,1523,2020,4,271.21
1524,01/01/2020,1524,2020,6,172
1525,01/01/2020,1525,2020,25,194.37
1526,01/01/2020,1526,2020,0,0
1527,01/01/2020,1527,2020,121,68.5
1528,01/01/2020,1528,2020,195,97.32
1529,01/01/2020,1529,2020,42,174.16
1530,01/01/2020,1530,2020,10,330
1531,01/01/2020,1531,2020,0,0
1532,01/01/2020,1532,2020,78,26.24
1533,01/01/2020,1533,2020,3,225
1534,01/01/2020,1534,2020,3,513
1535,01/01/2020,1535,2020,4,268
1536,01/01/2020,1536,2020,9,149
1537,01/01/2020,1537,2020,20,79.75
1538,01/01/2020,1538,2020,14,169
1539,01/01/2020,1539,2020,24,18
1540,01/01/2020,1540,2020,124,19
1541,01/01/2020,1541,2020,20,60
1542,01/01/2020,1542,2020,25,78.5
1543,01/01/2020,1543,2020,47,42.32
1544,01/01/2020,1544,2020,25,120
1545,01/01/2020,1545,2020,15,88.32
1546,01/01/2020,1546,2020,2,279
1547,01/01/2020,1547,2020,7,936
1548,01/01/2020,1548,2020,13,510.86
1549,01/01/2020,1549,2020,13,1503.06
1550,01/01/2020,1550,2020,25,524
1551,01/01/2020,1551,2020,6,1548
1552,01/01/2020,1552,2020,20,63
1553,01/01/2020,1553,2020,0,0
1554,01/01/2020,1554,2020,9,112.5
1555,01/01/2020,1555,2020,74,32
1556,01/01/2020,1556,2020,18,17.33
1557,01/01/2020,1557,2020,24,45
1558,01/01/2020,1558,2020,0,0
1559,01/01/2020,1559,2020,11,653.31
1560,01/01/2020,1560,2020,20,187
1561,01/01/2020,1561,2020,6,25.76
1562,01/01/2020,1562,2020,0,0
1563,01/01/2020,1563,2020,2,25.76
1564,01/01/2020,1564,2020,24,220.95
1565,01/01/2020,1565,2020,86,124.87
1566,01/01/2020,1566,2020,13,413.55
1567,01/01/2020,1567,2020,5,46
