1,1,2020,12,56,01/01/2020
2,2,2020,5,103.5,01/01/2020
3,3,2020,5,56,01/01/2020
4,4,2020,7,49.06,01/01/2020
5,5,2020,3,183,01/01/2020
6,6,2020,0,26,01/01/2020
7,7,2020,82,194,01/01/2020
8,8,2020,33,28,01/01/2020
9,9,2020,5,64,01/01/2020
10,10,2020,25,239.4,01/01/2020
11,11,2020,25,14,01/01/2020
12,12,2020,10,407.4,01/01/2020
13,13,2020,7,360,01/01/2020
14,14,2020,1113,7,01/01/2020
15,15,2020,0,0,01/01/2020
16,16,2020,18,850,01/01/2020
17,17,2020,0,0,01/01/2020
18,18,2020,18,920,01/01/2020
19,19,2020,18,850,01/01/2020
20,20,2020,36,334,01/01/2020
21,21,2020,4,420,01/01/2020
22,22,2020,8,830,01/01/2020
23,23,2020,50,850,01/01/2020
24,24,2020,18.25,58.33,01/01/2020
25,25,2020,157,54.58,01/01/2020
26,26,2020,107.5,57.08,01/01/2020
27,27,2020,187.5,52.08,01/01/2020
28,28,2020,225.5,52.08,01/01/2020
29,29,2020,517.75,49.58,01/01/2020
30,30,2020,261,48.33,01/01/2020
31,31,2020,41,52.9,01/01/2020
32,32,2020,15.5,65,01/01/2020
33,33,2020,22,65,01/01/2020
34,34,2020,5.5,240,01/01/2020
35,35,2020,0,65,01/01/2020
36,36,2020,103,57.29,01/01/2020
37,37,2020,0,65,01/01/2020
38,38,2020,89,57.29,01/01/2020
39,39,2020,14,65,01/01/2020
40,40,2020,82,58.75,01/01/2020
41,41,2020,36,58.75,01/01/2020
42,42,2020,24,58.75,01/01/2020
43,43,2020,36.5,56.67,01/01/2020
44,44,2020,5.5,56.67,01/01/2020
45,45,2020,580,6.22,01/01/2020
46,46,2020,7,6.35,01/01/2020
47,47,2020,0,0,01/01/2020
48,48,2020,0,0,01/01/2020
49,49,2020,0,0,01/01/2020
50,50,2020,0,0,01/01/2020
51,51,2020,7300,0.9,01/01/2020
52,52,2020,0,0.95,01/01/2020
53,53,2020,456,0.65,01/01/2020
54,54,2020,11698,0.75,01/01/2020
55,55,2020,900,0.85,01/01/2020
56,56,2020,42,56.25,01/01/2020
57,57,2020,58,56.25,01/01/2020
58,58,2020,18.5,52,01/01/2020
59,59,2020,42,455,01/01/2020
60,60,2020,22,504,01/01/2020
61,61,2020,0,0,01/01/2020
62,62,2020,14,323,01/01/2020
63,63,2020,6,1240,01/01/2020
64,64,2020,0,0,01/01/2020
65,65,2020,36,612,01/01/2020
66,66,2020,29,360,01/01/2020
67,67,2020,50,237,01/01/2020
68,68,2020,36,500,01/01/2020
69,69,2020,30,1120,01/01/2020
70,70,2020,0,0,01/01/2020
71,71,2020,68,472,01/01/2020
72,72,2020,81,558,01/01/2020
73,73,2020,22,697.5,01/01/2020
74,74,2020,1426,130,01/01/2020
75,75,2020,150,170.5,01/01/2020
76,76,2020,271,299.19,01/01/2020
77,77,2020,111,449.8,01/01/2020
78,78,2020,231,59.5,01/01/2020
79,79,2020,521,68.4,01/01/2020
80,80,2020,865,77,01/01/2020
81,81,2020,10,90,01/01/2020
82,82,2020,12,560,01/01/2020
83,83,2020,0,130,01/01/2020
84,84,2020,12,287,01/01/2020
85,85,2020,7,662,01/01/2020
86,86,2020,23,430,01/01/2020
87,87,2020,7,350,01/01/2020
88,88,2020,78,120,01/01/2020
89,89,2020,47,168,01/01/2020
90,90,2020,7,383,01/01/2020
91,91,2020,32,121,01/01/2020
92,92,2020,11,201,01/01/2020
93,93,2020,19,300,01/01/2020
94,94,2020,26,400,01/01/2020
95,95,2020,0,0,01/01/2020
96,96,2020,0,0,01/01/2020
97,97,2020,2,297,01/01/2020
98,98,2020,99,253,01/01/2020
99,99,2020,68,382,01/01/2020
100,100,2020,69,520,01/01/2020
101,101,2020,59,595.58,01/01/2020
102,102,2020,58,722,01/01/2020
103,103,2020,1,1298,01/01/2020
104,104,2020,67,456,01/01/2020
105,105,2020,75,370,01/01/2020
106,106,2020,112,250,01/01/2020
107,107,2020,102,510,01/01/2020
108,108,2020,29,530,01/01/2020
109,109,2020,31,950,01/01/2020
110,110,2020,80,900,01/01/2020
111,111,2020,31,1500,01/01/2020
112,112,2020,231,380,01/01/2020
113,113,2020,10,1190,01/01/2020
114,114,2020,102,220,01/01/2020
115,115,2020,53,440,01/01/2020
116,116,2020,0,800,01/01/2020
117,117,2020,123,650,01/01/2020
118,118,2020,31,850,01/01/2020
119,119,2020,8,510,01/01/2020
120,120,2020,3,288,01/01/2020
121,121,2020,3,345.6,01/01/2020
122,122,2020,95,72.2,01/01/2020
123,123,2020,67,86.64,01/01/2020
124,124,2020,88,57.76,01/01/2020
125,125,2020,27,79.8,01/01/2020
126,126,2020,18,95.76,01/01/2020
127,127,2020,2,63.84,01/01/2020
128,128,2020,24,100,01/01/2020
129,129,2020,25,147.8,01/01/2020
130,130,2020,61,177.36,01/01/2020
131,131,2020,26,118.24,01/01/2020
132,132,2020,29,216,01/01/2020
133,133,2020,58,259.2,01/01/2020
134,134,2020,62,172.8,01/01/2020
135,135,2020,34,288,01/01/2020
136,136,2020,30,345.6,01/01/2020
137,137,2020,16,230.4,01/01/2020
138,138,2020,1,384,01/01/2020
139,139,2020,13671,45,01/01/2020
140,140,2020,7,72.2,01/01/2020
141,141,2020,19,86.64,01/01/2020
142,142,2020,26,57.76,01/01/2020
143,143,2020,8,266.66,01/01/2020
144,144,2020,4,320,01/01/2020
145,145,2020,2,400,01/01/2020
146,146,2020,53,72.2,01/01/2020
147,147,2020,65,86.64,01/01/2020
148,148,2020,42,57.76,01/01/2020
149,149,2020,111,72.2,01/01/2020
150,150,2020,118,86.64,01/01/2020
151,151,2020,104,57.76,01/01/2020
152,152,2020,5,120,01/01/2020
153,153,2020,98,72.2,01/01/2020
154,154,2020,100,86.64,01/01/2020
155,155,2020,107,57.76,01/01/2020
156,156,2020,82,79.8,01/01/2020
157,157,2020,165,95.76,01/01/2020
158,158,2020,23,63.84,01/01/2020
159,159,2020,115,86.64,01/01/2020
160,160,2020,0,0,01/01/2020
161,161,2020,75,57.76,01/01/2020
162,162,2020,6,1095.49,01/01/2020
163,163,2020,8,209.25,01/01/2020
164,164,2020,16,279,01/01/2020
165,165,2020,15,530,01/01/2020
166,166,2020,33,636,01/01/2020
167,167,2020,18,742,01/01/2020
168,168,2020,8,848,01/01/2020
169,169,2020,24,424,01/01/2020
170,170,2020,0,0,01/01/2020
171,171,2020,8,939,01/01/2020
172,172,2020,8,1252,01/01/2020
173,173,2020,4,625.99,01/01/2020
174,174,2020,1,30,01/01/2020
175,175,2020,1,399.5,01/01/2020
176,176,2020,4,202,01/01/2020
177,177,2020,8,120,01/01/2020
178,178,2020,12,63,01/01/2020
179,179,2020,1,297,01/01/2020
180,180,2020,7,31,01/01/2020
181,181,2020,55,27,01/01/2020
182,182,2020,2,31.26,01/01/2020
183,183,2020,19,48,01/01/2020
184,184,2020,20,52,01/01/2020
185,185,2020,15,60,01/01/2020
186,186,2020,5,4.5,01/01/2020
187,187,2020,12,5.67,01/01/2020
188,188,2020,0,0,01/01/2020
189,189,2020,1084,0.12,01/01/2020
190,190,2020,6,125,01/01/2020
191,191,2020,423,0.17,01/01/2020
192,192,2020,8,85.2,01/01/2020
193,193,2020,87,0.19,01/01/2020
194,194,2020,30,140.4,01/01/2020
195,195,2020,1,36.75,01/01/2020
196,196,2020,5,58.5,01/01/2020
197,197,2020,0,0,01/01/2020
198,198,2020,99,3.68,01/01/2020
199,199,2020,200,1.3,01/01/2020
200,200,2020,22,2.59,01/01/2020
201,201,2020,0,0,01/01/2020
202,202,2020,24,3.7,01/01/2020
203,203,2020,82,2.6,01/01/2020
204,204,2020,8,25,01/01/2020
205,205,2020,2,121,01/01/2020
206,206,2020,6,115,01/01/2020
207,207,2020,505,0.9,01/01/2020
208,208,2020,900,0.62,01/01/2020
209,209,2020,99,1.43,01/01/2020
210,210,2020,500,0.95,01/01/2020
211,211,2020,220,1,01/01/2020
212,212,2020,300,1.2,01/01/2020
213,213,2020,600,1.43,01/01/2020
214,214,2020,1293,1.43,01/01/2020
215,215,2020,500,1.85,01/01/2020
216,216,2020,14,0.17,01/01/2020
217,217,2020,20,56.26,01/01/2020
218,218,2020,7,24,01/01/2020
219,219,2020,0,0,01/01/2020
220,220,2020,2,85,01/01/2020
221,221,2020,0,0,01/01/2020
222,222,2020,0,0,01/01/2020
223,223,2020,19,145,01/01/2020
224,224,2020,24,28,01/01/2020
225,225,2020,12,33,01/01/2020
226,226,2020,20,33.2,01/01/2020
227,227,2020,10,39,01/01/2020
228,228,2020,53,2.8,01/01/2020
229,229,2020,1,95,01/01/2020
230,230,2020,47,78,01/01/2020
231,231,2020,16,117,01/01/2020
232,232,2020,6,120,01/01/2020
233,233,2020,8,26,01/01/2020
234,234,2020,25,18.05,01/01/2020
235,235,2020,15,34.2,01/01/2020
236,236,2020,9,18.5,01/01/2020
237,237,2020,30,52.5,01/01/2020
238,238,2020,89,18,01/01/2020
239,239,2020,18,20,01/01/2020
240,240,2020,0,0,01/01/2020
241,241,2020,0,0,01/01/2020
242,242,2020,40,3.5,01/01/2020
243,243,2020,41,9.45,01/01/2020
244,244,2020,9,34.2,01/01/2020
245,245,2020,0,0,01/01/2020
246,246,2020,278,25.2,01/01/2020
247,247,2020,225,6.65,01/01/2020
248,248,2020,248,14,01/01/2020
249,249,2020,0,0,01/01/2020
250,250,2020,6,227.8,01/01/2020
251,251,2020,10,250,01/01/2020
252,252,2020,0,0,01/01/2020
253,253,2020,0,0,01/01/2020
254,254,2020,0,0,01/01/2020
255,255,2020,9,33.32,01/01/2020
256,256,2020,6,55,01/01/2020
257,257,2020,13,101.4,01/01/2020
258,258,2020,22,70,01/01/2020
259,259,2020,4,78,01/01/2020
260,260,2020,36,87.5,01/01/2020
261,261,2020,4,419.4,01/01/2020
262,262,2020,7,100,01/01/2020
263,263,2020,123,51.2,01/01/2020
264,264,2020,126,73.8,01/01/2020
265,265,2020,0,0,01/01/2020
266,266,2020,23,167.2,01/01/2020
267,267,2020,65,63,01/01/2020
268,268,2020,13,150,01/01/2020
269,269,2020,0,0,01/01/2020
270,270,2020,0,0,01/01/2020
271,271,2020,9,15,01/01/2020
272,272,2020,1,10,01/01/2020
273,273,2020,0,0,01/01/2020
274,274,2020,423,20,01/01/2020
275,275,2020,38,14,01/01/2020
276,276,2020,30,26,01/01/2020
277,277,2020,28,17.5,01/01/2020
278,278,2020,63,13,01/01/2020
279,279,2020,12,25,01/01/2020
280,280,2020,17,31,01/01/2020
281,281,2020,4,31,01/01/2020
282,282,2020,9,31,01/01/2020
283,283,2020,3,88.75,01/01/2020
284,284,2020,1,393.4,01/01/2020
285,285,2020,7,51.2,01/01/2020
286,286,2020,16,30,01/01/2020
287,287,2020,48,56.4,01/01/2020
288,288,2020,38,37,01/01/2020
289,289,2020,0,0,01/01/2020
290,290,2020,4,178,01/01/2020
291,291,2020,7,15,01/01/2020
292,292,2020,0,0,01/01/2020
293,293,2020,20,34.6,01/01/2020
294,294,2020,20,10,01/01/2020
295,295,2020,36,42,01/01/2020
296,296,2020,0,0,01/01/2020
297,297,2020,29,85,01/01/2020
298,298,2020,9,25,01/01/2020
299,299,2020,11,85,01/01/2020
300,300,2020,6,117.6,01/01/2020
301,301,2020,0,0,01/01/2020
302,302,2020,2,129.5,01/01/2020
303,303,2020,66,2.85,01/01/2020
304,304,2020,0,0,01/01/2020
305,305,2020,9,39.6,01/01/2020
306,306,2020,8,263,01/01/2020
307,307,2020,8,58,01/01/2020
308,308,2020,10,68,01/01/2020
309,309,2020,4,75,01/01/2020
310,310,2020,1,101,01/01/2020
311,311,2020,19,130.6,01/01/2020
312,312,2020,16,153,01/01/2020
313,313,2020,7,37.5,01/01/2020
314,314,2020,0,0,01/01/2020
315,315,2020,5,1365,01/01/2020
316,316,2020,0,0,01/01/2020
317,317,2020,17,6.75,01/01/2020
318,318,2020,1,40,01/01/2020
319,319,2020,12,5,01/01/2020
320,320,2020,53,20,01/01/2020
321,321,2020,9,120,01/01/2020
322,322,2020,7,165,01/01/2020
323,323,2020,0,0,01/01/2020
324,324,2020,46,9,01/01/2020
325,325,2020,45,6,01/01/2020
326,326,2020,0,0,01/01/2020
327,327,2020,0,0,01/01/2020
328,328,2020,0,0,01/01/2020
329,329,2020,20,28,01/01/2020
330,330,2020,10,13.3,01/01/2020
331,331,2020,59,21,01/01/2020
332,332,2020,2,150,01/01/2020
333,333,2020,7,233.75,01/01/2020
334,334,2020,3,45,01/01/2020
335,335,2020,9,42,01/01/2020
336,336,2020,480,11.51,01/01/2020
337,337,2020,348,17.28,01/01/2020
338,338,2020,200,23.5,01/01/2020
339,339,2020,200,38.65,01/01/2020
340,340,2020,279,3.08,01/01/2020
341,341,2020,119,7.38,01/01/2020
342,342,2020,26,185,01/01/2020
343,343,2020,34,6,01/01/2020
344,344,2020,25,10.84,01/01/2020
345,345,2020,30,70,01/01/2020
346,346,2020,0,0,01/01/2020
347,347,2020,28,40,01/01/2020
348,348,2020,10,460,01/01/2020
349,349,2020,1,122.5,01/01/2020
350,350,2020,4,65,01/01/2020
351,351,2020,9,55,01/01/2020
352,352,2020,0,0,01/01/2020
353,353,2020,283,2.5,01/01/2020
354,354,2020,11,67.5,01/01/2020
355,355,2020,11,77.75,01/01/2020
356,356,2020,12,123.75,01/01/2020
357,357,2020,11,172.5,01/01/2020
358,358,2020,5,35,01/01/2020
359,359,2020,24,4,01/01/2020
360,360,2020,6,10.5,01/01/2020
361,361,2020,12,13.5,01/01/2020
362,362,2020,238,25,01/01/2020
363,363,2020,4,75,01/01/2020
364,364,2020,77,14.25,01/01/2020
365,365,2020,12,11.87,01/01/2020
366,366,2020,15,14.25,01/01/2020
367,367,2020,1,65,01/01/2020
368,368,2020,0,0,01/01/2020
369,369,2020,0,0,01/01/2020
370,370,2020,177,7.8,01/01/2020
371,371,2020,0,0,01/01/2020
372,372,2020,98,8.3,01/01/2020
373,373,2020,90,8,01/01/2020
374,374,2020,155,8.5,01/01/2020
375,375,2020,7,8.5,01/01/2020
376,376,2020,87,7.8,01/01/2020
377,377,2020,155,8.3,01/01/2020
378,378,2020,41,12,01/01/2020
379,379,2020,126,8.3,01/01/2020
380,380,2020,0,0,01/01/2020
381,381,2020,0,0,01/01/2020
382,382,2020,0,0,01/01/2020
383,383,2020,15,11,01/01/2020
384,384,2020,0,0,01/01/2020
385,385,2020,282,32,01/01/2020
386,386,2020,16,9.1,01/01/2020
387,387,2020,10,10.83,01/01/2020
388,388,2020,9,12,01/01/2020
389,389,2020,5,10,01/01/2020
390,390,2020,9,9.6,01/01/2020
391,391,2020,6,26.6,01/01/2020
392,392,2020,1,25,01/01/2020
393,393,2020,8,14.38,01/01/2020
394,394,2020,24,18,01/01/2020
395,395,2020,0,0,01/01/2020
396,396,2020,12,391,01/01/2020
397,397,2020,10,279,01/01/2020
398,398,2020,9,189,01/01/2020
399,399,2020,11,297,01/01/2020
400,400,2020,8,549,01/01/2020
401,401,2020,15,10.83,01/01/2020
402,402,2020,0,0,01/01/2020
403,403,2020,49,80,01/01/2020
404,404,2020,22,40,01/01/2020
405,405,2020,44,125,01/01/2020
406,406,2020,17,57.5,01/01/2020
407,407,2020,1,260,01/01/2020
408,408,2020,4,430,01/01/2020
409,409,2020,0,0,01/01/2020
410,410,2020,5,90,01/01/2020
411,411,2020,2,183,01/01/2020
412,412,2020,0,0,01/01/2020
413,413,2020,0,0,01/01/2020
414,414,2020,0,0,01/01/2020
415,415,2020,0,0,01/01/2020
416,416,2020,0,0,01/01/2020
417,417,2020,4,390,01/01/2020
418,418,2020,42,21,01/01/2020
419,419,2020,0,0,01/01/2020
420,420,2020,15,25,01/01/2020
421,421,2020,0,0,01/01/2020
422,422,2020,6,15,01/01/2020
423,423,2020,0,0,01/01/2020
424,424,2020,21,70,01/01/2020
425,425,2020,22,70,01/01/2020
426,426,2020,35,90,01/01/2020
427,427,2020,3,45,01/01/2020
428,428,2020,5,65,01/01/2020
429,429,2020,11,33,01/01/2020
430,430,2020,1,60,01/01/2020
431,431,2020,8,120,01/01/2020
432,432,2020,24,30.4,01/01/2020
433,433,2020,0,0,01/01/2020
434,434,2020,101,53.35,01/01/2020
435,435,2020,1,21.33,01/01/2020
436,436,2020,0,0,01/01/2020
437,437,2020,0,0,01/01/2020
438,438,2020,69,0.35,01/01/2020
439,439,2020,15,28,01/01/2020
440,440,2020,308,0.47,01/01/2020
441,441,2020,22,28,01/01/2020
442,442,2020,10,102,01/01/2020
443,443,2020,1,112,01/01/2020
444,444,2020,45,70,01/01/2020
445,445,2020,0,0,01/01/2020
446,446,2020,0,0,01/01/2020
447,447,2020,0,0,01/01/2020
448,448,2020,101,72,01/01/2020
449,449,2020,5,1365,01/01/2020
450,450,2020,9,191.25,01/01/2020
451,451,2020,4,72.5,01/01/2020
452,452,2020,3,337.5,01/01/2020
453,453,2020,3,344,01/01/2020
454,454,2020,2,120,01/01/2020
455,455,2020,6,1550,01/01/2020
456,456,2020,0,0,01/01/2020
457,457,2020,10,307,01/01/2020
458,458,2020,9,412.5,01/01/2020
459,459,2020,7,652.5,01/01/2020
460,460,2020,6,817.5,01/01/2020
461,461,2020,2,126.72,01/01/2020
462,462,2020,6,1050,01/01/2020
463,463,2020,4,1050,01/01/2020
464,464,2020,0,0,01/01/2020
465,465,2020,3,1050,01/01/2020
466,466,2020,0,0,01/01/2020
467,467,2020,0,0,01/01/2020
468,468,2020,641,0.75,01/01/2020
469,469,2020,3221,0.75,01/01/2020
470,470,2020,328,7.8,01/01/2020
471,471,2020,373,7.8,01/01/2020
472,472,2020,711,0.24,01/01/2020
473,473,2020,693,0.26,01/01/2020
474,474,2020,400,0.29,01/01/2020
475,475,2020,3476,0.26,01/01/2020
476,476,2020,76,0.36,01/01/2020
477,477,2020,401,1.03,01/01/2020
478,478,2020,86,1.91,01/01/2020
479,479,2020,407,1.62,01/01/2020
480,480,2020,44,0,01/01/2020
481,481,2020,19,0,01/01/2020
482,482,2020,89,0.25,01/01/2020
483,483,2020,700,0.27,01/01/2020
484,484,2020,0,0,01/01/2020
485,485,2020,15,1.78,01/01/2020
486,486,2020,89,2.12,01/01/2020
487,487,2020,93,2.48,01/01/2020
488,488,2020,92,3.19,01/01/2020
489,489,2020,64,2.89,01/01/2020
490,490,2020,88,3.44,01/01/2020
491,491,2020,109,4,01/01/2020
492,492,2020,83,5.1,01/01/2020
493,493,2020,85,5.6,01/01/2020
494,494,2020,102,4.26,01/01/2020
495,495,2020,99,4.97,01/01/2020
496,496,2020,101,5.77,01/01/2020
497,497,2020,95,7.35,01/01/2020
498,498,2020,86,10.53,01/01/2020
499,499,2020,95,6.05,01/01/2020
500,500,2020,99,6.91,01/01/2020
501,501,2020,104,8,01/01/2020
502,502,2020,99,10.11,01/01/2020
503,503,2020,82,14.5,01/01/2020
504,504,2020,103,9.43,01/01/2020
505,505,2020,98,10.57,01/01/2020
506,506,2020,97,11.85,01/01/2020
507,507,2020,100,14.67,01/01/2020
508,508,2020,101,20.67,01/01/2020
509,509,2020,0,0,01/01/2020
510,510,2020,60,4.15,01/01/2020
511,511,2020,90,4.86,01/01/2020
512,512,2020,95,6.46,01/01/2020
513,513,2020,93,7.63,01/01/2020
514,514,2020,100,5.98,01/01/2020
515,515,2020,92,6.82,01/01/2020
516,516,2020,96,8.5,01/01/2020
517,517,2020,100,11.22,01/01/2020
518,518,2020,91,5.62,01/01/2020
519,519,2020,83,9.72,01/01/2020
520,520,2020,110,14.67,01/01/2020
521,521,2020,100,18.32,01/01/2020
522,522,2020,0,0,01/01/2020
523,523,2020,774,0.3,01/01/2020
524,524,2020,756,0.3,01/01/2020
525,525,2020,714,0.7,01/01/2020
526,526,2020,0,0,01/01/2020
527,527,2020,722,0.5,01/01/2020
528,528,2020,669,0.7,01/01/2020
529,529,2020,775,0.92,01/01/2020
530,530,2020,500,1.62,01/01/2020
531,531,2020,721,1.4,01/01/2020
532,532,2020,725,0.52,01/01/2020
533,533,2020,670,0.7,01/01/2020
534,534,2020,740,0.7,01/01/2020
535,535,2020,695,0.91,01/01/2020
536,536,2020,720,1.18,01/01/2020
537,537,2020,720,1.5,01/01/2020
538,538,2020,675,1.8,01/01/2020
539,539,2020,0,0,01/01/2020
540,540,2020,465,0.51,01/01/2020
541,541,2020,420,0.57,01/01/2020
542,542,2020,500,0.75,01/01/2020
543,543,2020,500,0.95,01/01/2020
544,544,2020,500,1.22,01/01/2020
545,545,2020,482,1.6,01/01/2020
546,546,2020,154,0.77,01/01/2020
547,547,2020,580,0.95,01/01/2020
548,548,2020,492,1.11,01/01/2020
549,549,2020,426,1.62,01/01/2020
550,550,2020,656,1.62,01/01/2020
551,551,2020,95,430,01/01/2020
552,552,2020,92,516,01/01/2020
553,553,2020,80,258,01/01/2020
554,554,2020,63,301,01/01/2020
555,555,2020,137,344,01/01/2020
556,556,2020,73,387,01/01/2020
557,557,2020,152,340,01/01/2020
558,558,2020,90,408,01/01/2020
559,559,2020,26,204,01/01/2020
560,560,2020,26,238,01/01/2020
561,561,2020,100,272,01/01/2020
562,562,2020,67,306,01/01/2020
563,563,2020,14,560,01/01/2020
564,564,2020,50,672,01/01/2020
565,565,2020,34,784,01/01/2020
566,566,2020,45,896,01/01/2020
567,567,2020,15,448,01/01/2020
568,568,2020,7,912,01/01/2020
569,569,2020,0,0,01/01/2020
570,570,2020,27,912,01/01/2020
571,571,2020,29,1064,01/01/2020
572,572,2020,29,1216,01/01/2020
573,573,2020,17,1368,01/01/2020
574,574,2020,12,1520,01/01/2020
575,575,2020,0,0,01/01/2020
576,576,2020,15,540,01/01/2020
577,577,2020,17,360,01/01/2020
578,578,2020,7,200,01/01/2020
579,579,2020,5,240,01/01/2020
580,580,2020,38,200,01/01/2020
581,581,2020,25,240,01/01/2020
582,582,2020,4,536,01/01/2020
583,583,2020,0,0,01/01/2020
584,584,2020,12,240,01/01/2020
585,585,2020,42,200,01/01/2020
586,586,2020,14,240,01/01/2020
587,587,2020,0,0,01/01/2020
588,588,2020,41,200,01/01/2020
589,589,2020,26,240,01/01/2020
590,590,2020,25,240,01/01/2020
591,591,2020,6,370,01/01/2020
592,592,2020,3,240,01/01/2020
593,593,2020,0,0,01/01/2020
594,594,2020,34,5,01/01/2020
595,595,2020,43,27,01/01/2020
596,596,2020,0,0,01/01/2020
597,597,2020,0,0,01/01/2020
598,598,2020,10,169.29,01/01/2020
599,599,2020,25,139.2,01/01/2020
600,600,2020,17,99.23,01/01/2020
601,601,2020,9,178.29,01/01/2020
602,602,2020,32,80,01/01/2020
603,603,2020,24,18,01/01/2020
604,604,2020,122,22,01/01/2020
605,605,2020,2,45.5,01/01/2020
606,606,2020,37,66.25,01/01/2020
607,607,2020,14,40,01/01/2020
608,608,2020,5,19,01/01/2020
609,609,2020,20,110,01/01/2020
610,610,2020,6,82,01/01/2020
611,611,2020,25,40,01/01/2020
612,612,2020,31,28,01/01/2020
613,613,2020,23,82,01/01/2020
614,614,2020,26,400.33,01/01/2020
615,615,2020,50,86.25,01/01/2020
616,616,2020,5,135,01/01/2020
617,617,2020,2,56,01/01/2020
618,618,2020,23,65,01/01/2020
619,619,2020,23,73.5,01/01/2020
620,620,2020,66,31,01/01/2020
621,621,2020,15,19,01/01/2020
622,622,2020,32,14,01/01/2020
623,623,2020,10,32,01/01/2020
624,624,2020,62,26.1,01/01/2020
625,625,2020,39,35.1,01/01/2020
626,626,2020,0,0,01/01/2020
627,627,2020,3,1345,01/01/2020
628,628,2020,0,0,01/01/2020
629,629,2020,40,108.75,01/01/2020
630,630,2020,3,183.75,01/01/2020
631,631,2020,21,67.5,01/01/2020
632,632,2020,42,86.25,01/01/2020
633,633,2020,4,202.45,01/01/2020
634,634,2020,18,240,01/01/2020
635,635,2020,3,120,01/01/2020
636,636,2020,0,0,01/01/2020
637,637,2020,215,11.35,01/01/2020
638,638,2020,198,29.82,01/01/2020
639,639,2020,224,5.44,01/01/2020
640,640,2020,3,848,01/01/2020
641,641,2020,2,544,01/01/2020
642,642,2020,2,272,01/01/2020
643,643,2020,3,424,01/01/2020
644,644,2020,205,8.48,01/01/2020
645,645,2020,4,496,01/01/2020
646,646,2020,1,1449,01/01/2020
647,647,2020,2,686,01/01/2020
648,648,2020,2,686,01/01/2020
649,649,2020,1,776,01/01/2020
650,650,2020,1,776,01/01/2020
651,651,2020,11,1222.5,01/01/2020
652,652,2020,0,0,01/01/2020
653,653,2020,11,776,01/01/2020
654,654,2020,5,118.56,01/01/2020
655,655,2020,17,45.5,01/01/2020
656,656,2020,3,156,01/01/2020
657,657,2020,20,136.5,01/01/2020
658,658,2020,30,202,01/01/2020
659,659,2020,13,57,01/01/2020
660,660,2020,19,78,01/01/2020
661,661,2020,11,83,01/01/2020
662,662,2020,37,166,01/01/2020
663,663,2020,4,722.5,01/01/2020
664,664,2020,7,229.5,01/01/2020
665,665,2020,11,297.5,01/01/2020
666,666,2020,0,0,01/01/2020
667,667,2020,106,26.6,01/01/2020
668,668,2020,3,65,01/01/2020
669,669,2020,39,7.7,01/01/2020
670,670,2020,0,0,01/01/2020
671,671,2020,14,23.24,01/01/2020
672,672,2020,5,20.8,01/01/2020
673,673,2020,3,830,01/01/2020
674,674,2020,10,230,01/01/2020
675,675,2020,2,230,01/01/2020
676,676,2020,8,230,01/01/2020
677,677,2020,8,230,01/01/2020
678,678,2020,9,230,01/01/2020
679,679,2020,8,1100,01/01/2020
680,680,2020,9,370,01/01/2020
681,681,2020,2,330,01/01/2020
682,682,2020,1,330,01/01/2020
683,683,2020,8,430,01/01/2020
684,684,2020,5,440,01/01/2020
685,685,2020,1,550,01/01/2020
686,686,2020,6,90,01/01/2020
687,687,2020,0,0,01/01/2020
688,688,2020,8,38,01/01/2020
689,689,2020,10,38,01/01/2020
690,690,2020,7,48.5,01/01/2020
691,691,2020,299,6.83,01/01/2020
692,692,2020,5,5.1,01/01/2020
693,693,2020,373,84.5,01/01/2020
694,694,2020,126,122.8,01/01/2020
695,695,2020,0,0,01/01/2020
696,696,2020,1,39,01/01/2020
697,697,2020,8,78.2,01/01/2020
698,698,2020,34,39,01/01/2020
699,699,2020,0,0,01/01/2020
700,700,2020,6,64,01/01/2020
701,701,2020,19,34.02,01/01/2020
702,702,2020,37,12,01/01/2020
703,703,2020,60,19.05,01/01/2020
704,704,2020,2,178,01/01/2020
705,705,2020,79,16.21,01/01/2020
706,706,2020,2,20,01/01/2020
707,707,2020,76,23.34,01/01/2020
708,708,2020,134,20.8,01/01/2020
709,709,2020,1,43,01/01/2020
710,710,2020,2,24.76,01/01/2020
711,711,2020,23,7.8,01/01/2020
712,712,2020,7,19.5,01/01/2020
713,713,2020,29,85.12,01/01/2020
714,714,2020,43,38,01/01/2020
715,715,2020,41,38,01/01/2020
716,716,2020,61,38,01/01/2020
717,717,2020,142,44.64,01/01/2020
718,718,2020,140,46.2,01/01/2020
719,719,2020,1,485,01/01/2020
720,720,2020,6,830,01/01/2020
721,721,2020,7,390,01/01/2020
722,722,2020,4,432,01/01/2020
723,723,2020,10,567,01/01/2020
724,724,2020,4,695,01/01/2020
725,725,2020,5,64.44,01/01/2020
726,726,2020,1,4090,01/01/2020
727,727,2020,60,26.4,01/01/2020
728,728,2020,1,2720,01/01/2020
729,729,2020,5.25,24.67,01/01/2020
730,730,2020,0,0,01/01/2020
731,731,2020,2,269,01/01/2020
732,732,2020,1,93,01/01/2020
733,733,2020,4,42,01/01/2020
734,734,2020,50,66.05,01/01/2020
735,735,2020,21,69.2,01/01/2020
736,736,2020,2,19,01/01/2020
737,737,2020,66,108.42,01/01/2020
738,738,2020,65,132,01/01/2020
739,739,2020,58,53.82,01/01/2020
740,740,2020,64,61.62,01/01/2020
741,741,2020,54,77.22,01/01/2020
742,742,2020,66,85.02,01/01/2020
743,743,2020,34,66.3,01/01/2020
744,744,2020,0,0,01/01/2020
745,745,2020,28,45,01/01/2020
746,746,2020,22,27.92,01/01/2020
747,747,2020,18,40.5,01/01/2020
748,748,2020,0,0,01/01/2020
749,749,2020,226,2.5,01/01/2020
750,750,2020,2838,1.25,01/01/2020
751,751,2020,31,1.85,01/01/2020
752,752,2020,0,0,01/01/2020
753,753,2020,0,0,01/01/2020
754,754,2020,43,42,01/01/2020
755,755,2020,6,50.25,01/01/2020
756,756,2020,0,0,01/01/2020
757,757,2020,2,81.75,01/01/2020
758,758,2020,49,17.75,01/01/2020
759,759,2020,24,113.25,01/01/2020
760,760,2020,54,15,01/01/2020
761,761,2020,4,50.25,01/01/2020
762,762,2020,27,81.75,01/01/2020
763,763,2020,4,81.75,01/01/2020
764,764,2020,17,96,01/01/2020
765,765,2020,18,36.75,01/01/2020
766,766,2020,1,150,01/01/2020
767,767,2020,4,169,01/01/2020
768,768,2020,2,168.75,01/01/2020
769,769,2020,4,31.5,01/01/2020
770,770,2020,46,37.5,01/01/2020
771,771,2020,2,30,01/01/2020
772,772,2020,0,0,01/01/2020
773,773,2020,0,0,01/01/2020
774,774,2020,52,17,01/01/2020
775,775,2020,8,8,01/01/2020
776,776,2020,12,247,01/01/2020
777,777,2020,627,15.5,01/01/2020
778,778,2020,12,24.18,01/01/2020
779,779,2020,92,20.2,01/01/2020
780,780,2020,12,20.29,01/01/2020
781,781,2020,241,2.52,01/01/2020
782,782,2020,41,27,01/01/2020
783,783,2020,8,55.5,01/01/2020
784,784,2020,0,0,01/01/2020
785,785,2020,14,50,01/01/2020
786,786,2020,9,26,01/01/2020
787,787,2020,49,38,01/01/2020
788,788,2020,74,32.93,01/01/2020
789,789,2020,2,4939,01/01/2020
790,790,2020,6,21.51,01/01/2020
791,791,2020,0,0,01/01/2020
792,792,2020,55,14.67,01/01/2020
793,793,2020,0,0,01/01/2020
794,794,2020,220,53.8,01/01/2020
795,795,2020,2,4266,01/01/2020
796,796,2020,60.5,29.29,01/01/2020
797,797,2020,8,4393.5,01/01/2020
798,798,2020,69,18.21,01/01/2020
799,799,2020,6,2732.4,01/01/2020
800,800,2020,66,12.42,01/01/2020
801,801,2020,4,1813,01/01/2020
802,802,2020,154,67.4,01/01/2020
803,803,2020,3,10110.1,01/01/2020
804,804,2020,8,43.92,01/01/2020
805,805,2020,2,3950,01/01/2020
806,806,2020,71,22,01/01/2020
807,807,2020,0,0,01/01/2020
808,808,2020,118,13.12,01/01/2020
809,809,2020,0,2081.25,01/01/2020
810,810,2020,148,8.35,01/01/2020
811,811,2020,0,0,01/01/2020
812,812,2020,0,0,01/01/2020
813,813,2020,0,0,01/01/2020
814,814,2020,72,22.56,01/01/2020
815,815,2020,0,0,01/01/2020
816,816,2020,57,12.54,01/01/2020
817,817,2020,0,0,01/01/2020
818,818,2020,295,8.55,01/01/2020
819,819,2020,0,0,01/01/2020
820,820,2020,92,52.14,01/01/2020
821,821,2020,1,5214,01/01/2020
822,822,2020,197,19,01/01/2020
823,823,2020,446,22.1,01/01/2020
824,824,2020,0,0,01/01/2020
825,825,2020,0,0,01/01/2020
826,826,2020,0,0,01/01/2020
827,827,2020,9,117,01/01/2020
828,828,2020,51,48,01/01/2020
829,829,2020,29,63.75,01/01/2020
830,830,2020,7,29.75,01/01/2020
831,831,2020,26,120,01/01/2020
832,832,2020,33,36,01/01/2020
833,833,2020,22,98.2,01/01/2020
834,834,2020,8,98.2,01/01/2020
835,835,2020,49,49.27,01/01/2020
836,836,2020,11,52.8,01/01/2020
837,837,2020,24,55.4,01/01/2020
838,838,2020,1,49.27,01/01/2020
839,839,2020,38,35.7,01/01/2020
840,840,2020,31,20.4,01/01/2020
841,841,2020,45,35.7,01/01/2020
842,842,2020,11,16,01/01/2020
843,843,2020,17,33.6,01/01/2020
844,844,2020,6,103.77,01/01/2020
845,845,2020,22,110.8,01/01/2020
846,846,2020,20,110.8,01/01/2020
847,847,2020,2,111.87,01/01/2020
848,848,2020,21,103.77,01/01/2020
849,849,2020,21,31.5,01/01/2020
850,850,2020,13,31.5,01/01/2020
851,851,2020,14,31.5,01/01/2020
852,852,2020,25,77.4,01/01/2020
853,853,2020,27,59.8,01/01/2020
854,854,2020,31,38.5,01/01/2020
855,855,2020,47,19.8,01/01/2020
856,856,2020,8,104.4,01/01/2020
857,857,2020,14,25.8,01/01/2020
858,858,2020,0,0,01/01/2020
859,859,2020,0,0,01/01/2020
860,860,2020,0,0,01/01/2020
861,861,2020,0,0,01/01/2020
862,862,2020,0,0,01/01/2020
863,863,2020,0,0,01/01/2020
864,864,2020,5,0,01/01/2020
865,865,2020,0,0,01/01/2020
866,866,2020,0,0,01/01/2020
867,867,2020,0,0,01/01/2020
868,868,2020,1,43.8,01/01/2020
869,869,2020,1,43.8,01/01/2020
870,870,2020,19,82.6,01/01/2020
871,871,2020,18,64.6,01/01/2020
872,872,2020,16,120,01/01/2020
873,873,2020,1,25.8,01/01/2020
874,874,2020,38,43.8,01/01/2020
875,875,2020,13,120,01/01/2020
876,876,2020,12,120,01/01/2020
877,877,2020,9,95.58,01/01/2020
878,878,2020,1,43.8,01/01/2020
879,879,2020,20,24,01/01/2020
880,880,2020,36,20.4,01/01/2020
881,881,2020,2,130.95,01/01/2020
882,882,2020,1,68.5,01/01/2020
883,883,2020,29,127.4,01/01/2020
884,884,2020,14,22.87,01/01/2020
885,885,2020,0,0,01/01/2020
886,886,2020,0,0,01/01/2020
887,887,2020,0,0,01/01/2020
888,888,2020,0,0,01/01/2020
889,889,2020,0,0,01/01/2020
890,890,2020,0,0,01/01/2020
891,891,2020,11,130.95,01/01/2020
892,892,2020,9,38.5,01/01/2020
893,893,2020,0,0,01/01/2020
894,894,2020,10,25.6,01/01/2020
895,895,2020,20,45,01/01/2020
896,896,2020,77,27,01/01/2020
897,897,2020,20,160.2,01/01/2020
898,898,2020,3,43.6,01/01/2020
899,899,2020,1,12.15,01/01/2020
900,900,2020,27,43.6,01/01/2020
901,901,2020,15,43.8,01/01/2020
902,902,2020,7,43.8,01/01/2020
903,903,2020,15,52.85,01/01/2020
904,904,2020,9,31.52,01/01/2020
905,905,2020,26,16,01/01/2020
906,906,2020,27,52.85,01/01/2020
907,907,2020,5,62,01/01/2020
908,908,2020,13,78,01/01/2020
909,909,2020,0,0,01/01/2020
910,910,2020,0,0,01/01/2020
911,911,2020,0,0,01/01/2020
912,912,2020,0,0,01/01/2020
913,913,2020,8,31.2,01/01/2020
914,914,2020,0,0,01/01/2020
915,915,2020,0,0,01/01/2020
916,916,2020,0,0,01/01/2020
917,917,2020,0,0,01/01/2020
918,918,2020,0,0,01/01/2020
919,919,2020,0,0,01/01/2020
920,920,2020,12,71.04,01/01/2020
921,921,2020,0,0,01/01/2020
922,922,2020,14,83.52,01/01/2020
923,923,2020,0,0,01/01/2020
924,924,2020,5,20.88,01/01/2020
925,925,2020,12,31.2,01/01/2020
926,926,2020,7,38.08,01/01/2020
927,927,2020,11,45.7,01/01/2020
928,928,2020,0,0,01/01/2020
929,929,2020,5,58.72,01/01/2020
930,930,2020,0,0,01/01/2020
931,931,2020,28,18.62,01/01/2020
932,932,2020,8,55,01/01/2020
933,933,2020,0,0,01/01/2020
934,934,2020,21,64,01/01/2020
935,935,2020,30,14.96,01/01/2020
936,936,2020,10,18.25,01/01/2020
937,937,2020,6,20.8,01/01/2020
938,938,2020,17,23,01/01/2020
939,939,2020,21,28.5,01/01/2020
940,940,2020,3,35.38,01/01/2020
941,941,2020,11,40.6,01/01/2020
942,942,2020,2,42.3,01/01/2020
943,943,2020,0,0,01/01/2020
944,944,2020,35,26.18,01/01/2020
945,945,2020,7,28.39,01/01/2020
946,946,2020,37,29.92,01/01/2020
947,947,2020,44,6.72,01/01/2020
948,948,2020,42,8.48,01/01/2020
949,949,2020,40,10.08,01/01/2020
950,950,2020,39,13.92,01/01/2020
951,951,2020,45,15.68,01/01/2020
952,952,2020,28,17.76,01/01/2020
953,953,2020,10,19.3,01/01/2020
954,954,2020,31,25.16,01/01/2020
955,955,2020,30,5.78,01/01/2020
956,956,2020,30,11.56,01/01/2020
957,957,2020,30,14.28,01/01/2020
958,958,2020,29,17.17,01/01/2020
959,959,2020,0,0,01/01/2020
960,960,2020,0,0,01/01/2020
961,961,2020,0,0,01/01/2020
962,962,2020,0,0,01/01/2020
963,963,2020,0,0,01/01/2020
964,964,2020,0,0,01/01/2020
965,965,2020,0,0,01/01/2020
966,966,2020,0,0,01/01/2020
967,967,2020,3,35.2,01/01/2020
968,968,2020,0,0,01/01/2020
969,969,2020,8,37.28,01/01/2020
970,970,2020,0,0,01/01/2020
971,971,2020,7,42.63,01/01/2020
972,972,2020,0,0,01/01/2020
973,973,2020,7,20,01/01/2020
974,974,2020,33,32.81,01/01/2020
975,975,2020,1,34.5,01/01/2020
976,976,2020,30,39.1,01/01/2020
977,977,2020,36,8.33,01/01/2020
978,978,2020,17,11.6,01/01/2020
979,979,2020,35,13.6,01/01/2020
980,980,2020,38,15.63,01/01/2020
981,981,2020,14,18.38,01/01/2020
982,982,2020,5,22.96,01/01/2020
983,983,2020,6,27.35,01/01/2020
984,984,2020,5,30.2,01/01/2020
985,985,2020,10,15.8,01/01/2020
986,986,2020,0,0,01/01/2020
987,987,2020,0,0,01/01/2020
988,988,2020,20,20,01/01/2020
989,989,2020,1,25,01/01/2020
990,990,2020,3,30,01/01/2020
991,991,2020,0,0,01/01/2020
992,992,2020,0,0,01/01/2020
993,993,2020,35,570,01/01/2020
994,994,2020,48,970.2,01/01/2020
995,995,2020,41,798,01/01/2020
996,996,2020,95,309.96,01/01/2020
997,997,2020,42,1319.85,01/01/2020
998,998,2020,12,2130,01/01/2020
999,999,2020,35,370.5,01/01/2020
1000,1000,2020,38,411.4,01/01/2020
1001,1001,2020,30,649,01/01/2020
1002,1002,2020,37,597.4,01/01/2020
1003,1003,2020,21,228.25,01/01/2020
1004,1004,2020,20,945.4,01/01/2020
1005,1005,2020,36,286,01/01/2020
1006,1006,2020,12,77.4,01/01/2020
1007,1007,2020,23,42.4,01/01/2020
1008,1008,2020,20,28,01/01/2020
1009,1009,2020,1,15.5,01/01/2020
1010,1010,2020,28,16.2,01/01/2020
1011,1011,2020,11,5.26,01/01/2020
1012,1012,2020,16,37.5,01/01/2020
1013,1013,2020,26,23.4,01/01/2020
1014,1014,2020,0,0,01/01/2020
1015,1015,2020,8,95.5,01/01/2020
1016,1016,2020,7,25.6,01/01/2020
1017,1017,2020,20,45,01/01/2020
1018,1018,2020,9,24.4,01/01/2020
1019,1019,2020,0,0,01/01/2020
1020,1020,2020,2,28,01/01/2020
1021,1021,2020,20,43.6,01/01/2020
1022,1022,2020,12,12.15,01/01/2020
1023,1023,2020,61,111,01/01/2020
1024,1024,2020,0,0,01/01/2020
1025,1025,2020,30,60,01/01/2020
1026,1026,2020,12,45,01/01/2020
1027,1027,2020,28,69.6,01/01/2020
1028,1028,2020,41,25.5,01/01/2020
1029,1029,2020,34,31.06,01/01/2020
1030,1030,2020,2,17.8,01/01/2020
1031,1031,2020,12,279.11,01/01/2020
1032,1032,2020,2,95,01/01/2020
1033,1033,2020,20,57.95,01/01/2020
1034,1034,2020,34,19.2,01/01/2020
1035,1035,2020,20,39.45,01/01/2020
1036,1036,2020,1,19.6,01/01/2020
1037,1037,2020,20,82.6,01/01/2020
1038,1038,2020,13,60,01/01/2020
1039,1039,2020,0,0,01/01/2020
1040,1040,2020,0,0,01/01/2020
1041,1041,2020,1,160.2,01/01/2020
1042,1042,2020,8,130.95,01/01/2020
1043,1043,2020,4,45,01/01/2020
1044,1044,2020,18,75,01/01/2020
1045,1045,2020,30,23,01/01/2020
1046,1046,2020,20,75,01/01/2020
1047,1047,2020,3,80,01/01/2020
1048,1048,2020,13,100,01/01/2020
1049,1049,2020,5,65,01/01/2020
1050,1050,2020,5,94,01/01/2020
1051,1051,2020,15,130.95,01/01/2020
1052,1052,2020,11,123.52,01/01/2020
1053,1053,2020,6,115.8,01/01/2020
1054,1054,2020,50,110.2,01/01/2020
1055,1055,2020,4,22.8,01/01/2020
1056,1056,2020,3,160.8,01/01/2020
1057,1057,2020,2,95,01/01/2020
1058,1058,2020,26,147.86,01/01/2020
1059,1059,2020,8,77.8,01/01/2020
1060,1060,2020,10,22,01/01/2020
1061,1061,2020,24,11,01/01/2020
1062,1062,2020,15,18.5,01/01/2020
1063,1063,2020,11,4.13,01/01/2020
1064,1064,2020,4,7.5,01/01/2020
1065,1065,2020,0,0,01/01/2020
1066,1066,2020,19,7.5,01/01/2020
1067,1067,2020,13,16,01/01/2020
1068,1068,2020,15,20.5,01/01/2020
1069,1069,2020,35,4.5,01/01/2020
1070,1070,2020,29,9.35,01/01/2020
1071,1071,2020,18,15.4,01/01/2020
1072,1072,2020,8,8,01/01/2020
1073,1073,2020,1,17.5,01/01/2020
1074,1074,2020,5,30,01/01/2020
1075,1075,2020,22,16,01/01/2020
1076,1076,2020,4,20.5,01/01/2020
1077,1077,2020,3,30,01/01/2020
1078,1078,2020,34,7.25,01/01/2020
1079,1079,2020,9,18.7,01/01/2020
1080,1080,2020,11,30,01/01/2020
1081,1081,2020,11,20.5,01/01/2020
1082,1082,2020,22,30,01/01/2020
1083,1083,2020,11,30,01/01/2020
1084,1084,2020,44,67.2,01/01/2020
1085,1085,2020,78,140.4,01/01/2020
1086,1086,2020,18,183.6,01/01/2020
1087,1087,2020,4,399,01/01/2020
1088,1088,2020,6,22.8,01/01/2020
1089,1089,2020,18,22.82,01/01/2020
1090,1090,2020,2,38.2,01/01/2020
1091,1091,2020,14,85.84,01/01/2020
1092,1092,2020,1,28.8,01/01/2020
1093,1093,2020,1,85.27,01/01/2020
1094,1094,2020,30,55.87,01/01/2020
1095,1095,2020,5,49.17,01/01/2020
1096,1096,2020,19,55.1,01/01/2020
1097,1097,2020,51,28.85,01/01/2020
1098,1098,2020,14,20.47,01/01/2020
1099,1099,2020,25,84.14,01/01/2020
1100,1100,2020,45,22.81,01/01/2020
1101,1101,2020,4,38.81,01/01/2020
1102,1102,2020,3,64.94,01/01/2020
1103,1103,2020,0,0,01/01/2020
1104,1104,2020,0,0,01/01/2020
1105,1105,2020,0,0,01/01/2020
1106,1106,2020,24,134.6,01/01/2020
1107,1107,2020,21,69.53,01/01/2020
1108,1108,2020,27,250.25,01/01/2020
1109,1109,2020,66,103.6,01/01/2020
1110,1110,2020,49,535.71,01/01/2020
1111,1111,2020,14,714.29,01/01/2020
1112,1112,2020,38,208.7,01/01/2020
1113,1113,2020,14,401.87,01/01/2020
1114,1114,2020,6,535.71,01/01/2020
1115,1115,2020,18,153.9,01/01/2020
1116,1116,2020,58,46.35,01/01/2020
1117,1117,2020,16,87.8,01/01/2020
1118,1118,2020,19,151,01/01/2020
1119,1119,2020,8,78.67,01/01/2020
1120,1120,2020,0,0,01/01/2020
1121,1121,2020,7,128.35,01/01/2020
1122,1122,2020,0,44.53,01/01/2020
1123,1123,2020,27,98.53,01/01/2020
1124,1124,2020,14,140,01/01/2020
1125,1125,2020,10,77.75,01/01/2020
1126,1126,2020,8,112.98,01/01/2020
1127,1127,2020,7,125.98,01/01/2020
1128,1128,2020,0,0,01/01/2020
1129,1129,2020,36,39.04,01/01/2020
1130,1130,2020,44,9.3,01/01/2020
1131,1131,2020,47,15.64,01/01/2020
1132,1132,2020,39,18.3,01/01/2020
1133,1133,2020,0,5.5,01/01/2020
1134,1134,2020,45,9.5,01/01/2020
1135,1135,2020,1,91.17,01/01/2020
1136,1136,2020,57,9,01/01/2020
1137,1137,2020,25,13.2,01/01/2020
1138,1138,2020,45,11,01/01/2020
1139,1139,2020,109,4.73,01/01/2020
1140,1140,2020,21,6.73,01/01/2020
1141,1141,2020,31,5.8,01/01/2020
1142,1142,2020,50,15.75,01/01/2020
1143,1143,2020,133,3.37,01/01/2020
1144,1144,2020,0,0,01/01/2020
1145,1145,2020,50,4.5,01/01/2020
1146,1146,2020,59,23.62,01/01/2020
1147,1147,2020,34,11.92,01/01/2020
1148,1148,2020,4,7.87,01/01/2020
1149,1149,2020,0,0,01/01/2020
1150,1150,2020,40,12.24,01/01/2020
1151,1151,2020,169,10.8,01/01/2020
1152,1152,2020,105,11.02,01/01/2020
1153,1153,2020,14,14.45,01/01/2020
1154,1154,2020,18,32.67,01/01/2020
1155,1155,2020,219,6.8,01/01/2020
1156,1156,2020,0,0,01/01/2020
1157,1157,2020,85,11.02,01/01/2020
1158,1158,2020,18,18.5,01/01/2020
1159,1159,2020,64,7.83,01/01/2020
1160,1160,2020,38,9.22,01/01/2020
1161,1161,2020,10,13.81,01/01/2020
1162,1162,2020,1,45.19,01/01/2020
1163,1163,2020,0,0,01/01/2020
1164,1164,2020,151,7.43,01/01/2020
1165,1165,2020,0,0,01/01/2020
1166,1166,2020,9,58.65,01/01/2020
1167,1167,2020,164,9.22,01/01/2020
1168,1168,2020,0,0,01/01/2020
1169,1169,2020,47,126.65,01/01/2020
1170,1170,2020,11,250,01/01/2020
1171,1171,2020,62,65.92,01/01/2020
1172,1172,2020,1,414,01/01/2020
1173,1173,2020,71,95.2,01/01/2020
1174,1174,2020,3,8.05,01/01/2020
1175,1175,2020,147,3.52,01/01/2020
1176,1176,2020,5,4.8,01/01/2020
1177,1177,2020,50,20.48,01/01/2020
1178,1178,2020,194,9.22,01/01/2020
1179,1179,2020,12,10,01/01/2020
1180,1180,2020,18,38,01/01/2020
1181,1181,2020,9,16.15,01/01/2020
1182,1182,2020,80,8.71,01/01/2020
1183,1183,2020,9,62.8,01/01/2020
1184,1184,2020,70,9.56,01/01/2020
1185,1185,2020,78,83.8,01/01/2020
1186,1186,2020,126,38,01/01/2020
1187,1187,2020,7,44,01/01/2020
1188,1188,2020,29,75,01/01/2020
1189,1189,2020,14,100,01/01/2020
1190,1190,2020,8,88,01/01/2020
1191,1191,2020,32,49.86,01/01/2020
1192,1192,2020,48.5,73.33,01/01/2020
1193,1193,2020,0,0,01/01/2020
1194,1194,2020,4,80.26,01/01/2020
1195,1195,2020,36,105.11,01/01/2020
1196,1196,2020,66.5,102.66,01/01/2020
1197,1197,2020,9,77.06,01/01/2020
1198,1198,2020,47,93.1,01/01/2020
1199,1199,2020,26,49.86,01/01/2020
1200,1200,2020,2,77.06,01/01/2020
1201,1201,2020,18,102.66,01/01/2020
1202,1202,2020,0,0,01/01/2020
1203,1203,2020,6,186,01/01/2020
1204,1204,2020,0,0,01/01/2020
1205,1205,2020,1,357,01/01/2020
1206,1206,2020,1,429,01/01/2020
1207,1207,2020,5,1600,01/01/2020
1208,1208,2020,37,2000,01/01/2020
1209,1209,2020,1.75,53.53,01/01/2020
1210,1210,2020,5,1820,01/01/2020
1211,1211,2020,45.5,53.53,01/01/2020
1212,1212,2020,11,1984,01/01/2020
1213,1213,2020,39.25,58.35,01/01/2020
1214,1214,2020,30,80,01/01/2020
1215,1215,2020,0,0,01/01/2020
1216,1216,2020,1,290,01/01/2020
1217,1217,2020,0,0,01/01/2020
1218,1218,2020,3,580,01/01/2020
1219,1219,2020,12,410,01/01/2020
1220,1220,2020,0,0,01/01/2020
1221,1221,2020,0,0,01/01/2020
1222,1222,2020,84,148.8,01/01/2020
1223,1223,2020,0,0,01/01/2020
1224,1224,2020,90,87,01/01/2020
1225,1225,2020,57,101.75,01/01/2020
1226,1226,2020,11,148.8,01/01/2020
1227,1227,2020,8,244.62,01/01/2020
1228,1228,2020,0,0,01/01/2020
1229,1229,2020,0,0,01/01/2020
1230,1230,2020,0,0,01/01/2020
1231,1231,2020,90,285,01/01/2020
1232,1232,2020,2,70,01/01/2020
1233,1233,2020,18,75,01/01/2020
1234,1234,2020,8,136,01/01/2020
1235,1235,2020,0,458,01/01/2020
1236,1236,2020,0,0,01/01/2020
1237,1237,2020,6,515,01/01/2020
1238,1238,2020,19,139,01/01/2020
1239,1239,2020,2,684,01/01/2020
1240,1240,2020,4,541,01/01/2020
1241,1241,2020,0,0,01/01/2020
1242,1242,2020,4,2154,01/01/2020
1243,1243,2020,0,0,01/01/2020
1244,1244,2020,2,595,01/01/2020
1245,1245,2020,0,0,01/01/2020
1246,1246,2020,19,125,01/01/2020
1247,1247,2020,0,0,01/01/2020
1248,1248,2020,2,146,01/01/2020
1249,1249,2020,0,0,01/01/2020
1250,1250,2020,12,108,01/01/2020
1251,1251,2020,0,0,01/01/2020
1252,1252,2020,1,48,01/01/2020
1253,1253,2020,7,569,01/01/2020
1254,1254,2020,17,152,01/01/2020
1255,1255,2020,0,0,01/01/2020
1256,1256,2020,6,447,01/01/2020
1257,1257,2020,7,516,01/01/2020
1258,1258,2020,0,0,01/01/2020
1259,1259,2020,3,541,01/01/2020
1260,1260,2020,0,0,01/01/2020
1261,1261,2020,5,2154,01/01/2020
1262,1262,2020,1,310,01/01/2020
1263,1263,2020,0,0,01/01/2020
1264,1264,2020,8,23.34,01/01/2020
1265,1265,2020,67,11.3,01/01/2020
1266,1266,2020,64,16.8,01/01/2020
1267,1267,2020,12,7,01/01/2020
1268,1268,2020,45,25,01/01/2020
1269,1269,2020,48,31,01/01/2020
1270,1270,2020,66,49.3,01/01/2020
1271,1271,2020,49,9.22,01/01/2020
1272,1272,2020,78,71.5,01/01/2020
1273,1273,2020,15,26.4,01/01/2020
1274,1274,2020,13,60,01/01/2020
1275,1275,2020,1,60,01/01/2020
1276,1276,2020,4,14.83,01/01/2020
1277,1277,2020,2,498,01/01/2020
1278,1278,2020,1,542,01/01/2020
1279,1279,2020,1,27,01/01/2020
1280,1280,2020,2,37.5,01/01/2020
1281,1281,2020,0,0,01/01/2020
1282,1282,2020,0,0,01/01/2020
1283,1283,2020,0,0,01/01/2020
1284,1284,2020,0,0,01/01/2020
1285,1285,2020,10,78,01/01/2020
1286,1286,2020,44,7,01/01/2020
1287,1287,2020,0,0,01/01/2020
1288,1288,2020,17,85,01/01/2020
1289,1289,2020,27,85,01/01/2020
1290,1290,2020,62,80,01/01/2020
1291,1291,2020,30,85,01/01/2020
1292,1292,2020,52,85,01/01/2020
1293,1293,2020,15,85,01/01/2020
1294,1294,2020,1,85,01/01/2020
1295,1295,2020,24,80,01/01/2020
1296,1296,2020,45,28,01/01/2020
1297,1297,2020,21,19.5,01/01/2020
1298,1298,2020,2,142,01/01/2020
1299,1299,2020,8,140,01/01/2020
1300,1300,2020,17,37.25,01/01/2020
1301,1301,2020,1,698,01/01/2020
1302,1302,2020,0,0,01/01/2020
1303,1303,2020,0,0,01/01/2020
1304,1304,2020,5,32.5,01/01/2020
1305,1305,2020,5,32.5,01/01/2020
1306,1306,2020,0,0,01/01/2020
1307,1307,2020,2,85,01/01/2020
1308,1308,2020,9,50,01/01/2020
1309,1309,2020,9,77.62,01/01/2020
1310,1310,2020,11,50.54,01/01/2020
1311,1311,2020,11,77.62,01/01/2020
1312,1312,2020,3,165,01/01/2020
1313,1313,2020,44,618,01/01/2020
1314,1314,2020,105,164,01/01/2020
1315,1315,2020,0,0,01/01/2020
1316,1316,2020,0,0,01/01/2020
1317,1317,2020,14,99.3,01/01/2020
1318,1318,2020,7,456,01/01/2020
1319,1319,2020,0,0,01/01/2020
1320,1320,2020,9,340,01/01/2020
1321,1321,2020,1,94.76,01/01/2020
1322,1322,2020,12,107.39,01/01/2020
1323,1323,2020,0,0,01/01/2020
1324,1324,2020,0,0,01/01/2020
1325,1325,2020,0,0,01/01/2020
1326,1326,2020,1,112,01/01/2020
1327,1327,2020,0,0,01/01/2020
1328,1328,2020,10,123,01/01/2020
1329,1329,2020,12,129,01/01/2020
1330,1330,2020,8,122.74,01/01/2020
1331,1331,2020,10,152,01/01/2020
1332,1332,2020,10,75.36,01/01/2020
1333,1333,2020,16,43.77,01/01/2020
1334,1334,2020,0,0,01/01/2020
1335,1335,2020,0,0,01/01/2020
1336,1336,2020,1,131,01/01/2020
1337,1337,2020,9,52.2,01/01/2020
1338,1338,2020,7,80,01/01/2020
1339,1339,2020,22,432,01/01/2020
1340,1340,2020,24,522,01/01/2020
1341,1341,2020,3,900,01/01/2020
1342,1342,2020,8,109.5,01/01/2020
1343,1343,2020,1,109.5,01/01/2020
1344,1344,2020,31,15,01/01/2020
1345,1345,2020,4,200,01/01/2020
1346,1346,2020,10,95,01/01/2020
1347,1347,2020,6,195,01/01/2020
1348,1348,2020,1,45,01/01/2020
1349,1349,2020,0,0,01/01/2020
1350,1350,2020,4,1600,01/01/2020
1351,1351,2020,120,160,01/01/2020
1352,1352,2020,4,87,01/01/2020
1353,1353,2020,1,147,01/01/2020
1354,1354,2020,1,120,01/01/2020
1355,1355,2020,1,165,01/01/2020
1356,1356,2020,7,131,01/01/2020
1357,1357,2020,3,125,01/01/2020
1358,1358,2020,3,80,01/01/2020
1359,1359,2020,1,85,01/01/2020
1360,1360,2020,16,60,01/01/2020
1361,1361,2020,1,600,01/01/2020
1362,1362,2020,3,490,01/01/2020
1363,1363,2020,11,35,01/01/2020
1364,1364,2020,0,20,01/01/2020
1365,1365,2020,19,21,01/01/2020
1366,1366,2020,12,20,01/01/2020
1367,1367,2020,5,430,01/01/2020
1368,1368,2020,1,621,01/01/2020
1369,1369,2020,0,0,01/01/2020
1370,1370,2020,0,0,01/01/2020
1371,1371,2020,8,238,01/01/2020
1372,1372,2020,0,0,01/01/2020
1373,1373,2020,2,125,01/01/2020
1374,1374,2020,10,20,01/01/2020
1375,1375,2020,100,25,01/01/2020
1376,1376,2020,3,970,01/01/2020
1377,1377,2020,1,338,01/01/2020
1378,1378,2020,0,0,01/01/2020
1379,1379,2020,5,480,01/01/2020
1380,1380,2020,9,69,01/01/2020
1381,1381,2020,8,82.5,01/01/2020
1382,1382,2020,86,75,01/01/2020
1383,1383,2020,5,688.75,01/01/2020
1384,1384,2020,2,250,01/01/2020
1385,1385,2020,1,3800,01/01/2020
1386,1386,2020,0,0,01/01/2020
1387,1387,2020,1,99,01/01/2020
1388,1388,2020,24,68,01/01/2020
1389,1389,2020,25,46.8,01/01/2020
1390,1390,2020,0,0,01/01/2020
1391,1391,2020,22,81,01/01/2020
1392,1392,2020,2,48.5,01/01/2020
1393,1393,2020,10,30,01/01/2020
1394,1394,2020,13,45,01/01/2020
1395,1395,2020,1,26,01/01/2020
1396,1396,2020,17,49.5,01/01/2020
1397,1397,2020,10,51,01/01/2020
1398,1398,2020,19,11.27,01/01/2020
1399,1399,2020,29,7.9,01/01/2020
1400,1400,2020,166,9.5,01/01/2020
1401,1401,2020,18,65.3,01/01/2020
1402,1402,2020,27,49.8,01/01/2020
1403,1403,2020,109,4.95,01/01/2020
1404,1404,2020,10,7.2,01/01/2020
1405,1405,2020,100,6.3,01/01/2020
1406,1406,2020,12,184.5,01/01/2020
1407,1407,2020,44,84.6,01/01/2020
1408,1408,2020,35,63.9,01/01/2020
1409,1409,2020,30,73.35,01/01/2020
1410,1410,2020,148,148.77,01/01/2020
1411,1411,2020,52,8.1,01/01/2020
1412,1412,2020,34,30.6,01/01/2020
1413,1413,2020,3,80,01/01/2020
1414,1414,2020,31,42.9,01/01/2020
1415,1415,2020,13,16.5,01/01/2020
1416,1416,2020,3,27.95,01/01/2020
1417,1417,2020,19,16,01/01/2020
1418,1418,2020,39,38,01/01/2020
1419,1419,2020,113.5,15,01/01/2020
1420,1420,2020,395,20.12,01/01/2020
1421,1421,2020,299,17.78,01/01/2020
1422,1422,2020,6,390,01/01/2020
1423,1423,2020,6,411.5,01/01/2020
1424,1424,2020,1,641.25,01/01/2020
1425,1425,2020,1,1174,01/01/2020
1426,1426,2020,2,1012.5,01/01/2020
1427,1427,2020,1,880,01/01/2020
1428,1428,2020,5,1012.5,01/01/2020
1429,1429,2020,0,0,01/01/2020
1430,1430,2020,1,735,01/01/2020
1431,1431,2020,0,0,01/01/2020
1432,1432,2020,1,266,01/01/2020
1433,1433,2020,2,266,01/01/2020
1434,1434,2020,2,266,01/01/2020
1435,1435,2020,4,232.5,01/01/2020
1436,1436,2020,1,266,01/01/2020
1437,1437,2020,2,360,01/01/2020
1438,1438,2020,10,360,01/01/2020
1439,1439,2020,1,225,01/01/2020
1440,1440,2020,1,5224.75,01/01/2020
1441,1441,2020,19,12.5,01/01/2020
1442,1442,2020,5,341.25,01/01/2020
1443,1443,2020,6,454,01/01/2020
1444,1444,2020,6,228.75,01/01/2020
1445,1445,2020,11,468.75,01/01/2020
1446,1446,2020,11,266.25,01/01/2020
1447,1447,2020,0,0,01/01/2020
1448,1448,2020,80,40,01/01/2020
1449,1449,2020,118,13.61,01/01/2020
1450,1450,2020,170,27.4,01/01/2020
1451,1451,2020,22,288,01/01/2020
1452,1452,2020,4,509.85,01/01/2020
1453,1453,2020,26,204,01/01/2020
1454,1454,2020,19,132,01/01/2020
1455,1455,2020,9,208,01/01/2020
1456,1456,2020,34,111,01/01/2020
1457,1457,2020,33,117,01/01/2020
1458,1458,2020,36,120,01/01/2020
1459,1459,2020,6,119.85,01/01/2020
1460,1460,2020,12,430,01/01/2020
1461,1461,2020,12,210,01/01/2020
1462,1462,2020,5,204,01/01/2020
1463,1463,2020,7,63,01/01/2020
1464,1464,2020,12,390,01/01/2020
1465,1465,2020,14,336,01/01/2020
1466,1466,2020,6,420,01/01/2020
1467,1467,2020,1,450,01/01/2020
1468,1468,2020,2,1350,01/01/2020
1469,1469,2020,3,839.85,01/01/2020
1470,1470,2020,2,317,01/01/2020
1471,1471,2020,204,87,01/01/2020
1472,1472,2020,0,0,01/01/2020
1473,1473,2020,17,111.45,01/01/2020
1474,1474,2020,28,27.6,01/01/2020
1475,1475,2020,8,171,01/01/2020
1476,1476,2020,30,36,01/01/2020
1477,1477,2020,24,57,01/01/2020
1478,1478,2020,4,72,01/01/2020
1479,1479,2020,22,72,01/01/2020
1480,1480,2020,27,62.85,01/01/2020
1481,1481,2020,2,360,01/01/2020
1482,1482,2020,5,264,01/01/2020
1483,1483,2020,10,180,01/01/2020
1484,1484,2020,2,276,01/01/2020
1485,1485,2020,5,472.6,01/01/2020
1486,1486,2020,14,156,01/01/2020
1487,1487,2020,18,216,01/01/2020
1488,1488,2020,2,690,01/01/2020
1489,1489,2020,0,0,01/01/2020
1490,1490,2020,0,0,01/01/2020
1491,1491,2020,11,35,01/01/2020
1492,1492,2020,14,65,01/01/2020
1493,1493,2020,0,0,01/01/2020
1494,1494,2020,172,4.35,01/01/2020
1495,1495,2020,93,290,01/01/2020
1496,1496,2020,29,210,01/01/2020
1497,1497,2020,3,115,01/01/2020
1498,1498,2020,2,125.8,01/01/2020
1499,1499,2020,8,135,01/01/2020
1500,1500,2020,0,0,01/01/2020
1501,1501,2020,0,0,01/01/2020
1502,1502,2020,4,238,01/01/2020
1503,1503,2020,2,841,01/01/2020
1504,1504,2020,7,621,01/01/2020
1505,1505,2020,4,1007,01/01/2020
1506,1506,2020,22,25,01/01/2020
1507,1507,2020,18,58.5,01/01/2020
1508,1508,2020,18,81,01/01/2020
1509,1509,2020,21,48,01/01/2020
1510,1510,2020,1,19.34,01/01/2020
1511,1511,2020,0,0,01/01/2020
1512,1512,2020,0,0,01/01/2020
1513,1513,2020,15,85.3,01/01/2020
1514,1514,2020,32,62.05,01/01/2020
1515,1515,2020,56,31.73,01/01/2020
1516,1516,2020,5,310,01/01/2020
1517,1517,2020,0,0,01/01/2020
1518,1518,2020,0,0,01/01/2020
1519,1519,2020,27,29.16,01/01/2020
1520,1520,2020,90,25.5,01/01/2020
1521,1521,2020,1,195,01/01/2020
1522,1522,2020,0,0,01/01/2020
1523,1523,2020,4,271.21,01/01/2020
1524,1524,2020,6,172,01/01/2020
1525,1525,2020,25,194.37,01/01/2020
1526,1526,2020,0,0,01/01/2020
1527,1527,2020,121,68.5,01/01/2020
1528,1528,2020,195,97.32,01/01/2020
1529,1529,2020,42,174.16,01/01/2020
1530,1530,2020,10,330,01/01/2020
1531,1531,2020,0,0,01/01/2020
1532,1532,2020,78,26.24,01/01/2020
1533,1533,2020,3,225,01/01/2020
1534,1534,2020,3,513,01/01/2020
1535,1535,2020,4,268,01/01/2020
1536,1536,2020,9,149,01/01/2020
1537,1537,2020,20,79.75,01/01/2020
1538,1538,2020,14,169,01/01/2020
1539,1539,2020,24,18,01/01/2020
1540,1540,2020,124,19,01/01/2020
1541,1541,2020,20,60,01/01/2020
1542,1542,2020,25,78.5,01/01/2020
1543,1543,2020,47,42.32,01/01/2020
1544,1544,2020,25,120,01/01/2020
1545,1545,2020,15,88.32,01/01/2020
1546,1546,2020,2,279,01/01/2020
1547,1547,2020,7,936,01/01/2020
1548,1548,2020,13,510.86,01/01/2020
1549,1549,2020,13,1503.06,01/01/2020
1550,1550,2020,25,524,01/01/2020
1551,1551,2020,6,1548,01/01/2020
1552,1552,2020,20,63,01/01/2020
1553,1553,2020,0,0,01/01/2020
1554,1554,2020,9,112.5,01/01/2020
1555,1555,2020,74,32,01/01/2020
1556,1556,2020,18,17.33,01/01/2020
1557,1557,2020,24,45,01/01/2020
1558,1558,2020,0,0,01/01/2020
1559,1559,2020,11,653.31,01/01/2020
1560,1560,2020,20,187,01/01/2020
1561,1561,2020,6,25.76,01/01/2020
1562,1562,2020,0,0,01/01/2020
1563,1563,2020,2,25.76,01/01/2020
1564,1564,2020,24,220.95,01/01/2020
1565,1565,2020,86,124.87,01/01/2020
1566,1566,2020,13,413.55,01/01/2020
1567,1567,2020,5,46,01/01/2020
